Carrera,Año,Date,Stage,Route,Vertical_meters,ProfileScore,PS_final_25k,Image,kms
Giro,2015,09/05, 1 (TTT),San Lorenzo Mare - Sanremo (17.6 km),83,2,2,images/profiles/ap/ae/giro-d-italia-2015-stage-1-profile-n2-bb455b6c83.jpg,17.6
Giro,2015,10/05, 2,Albenga - Genova (177 km),1868,58,11,images/profiles/ap/aa/giro-d-italia-2015-stage-2-profile-n2-c53d479c18.jpg,177.0
Giro,2015,11/05, 3,Rapallo - Sestri Levante (136 km),2797,117,1,images/profiles/ap/fe/giro-d-italia-2015-stage-3-profile-n2-9d36704d6e.jpg,136.0
Giro,2015,12/05, 4,Chiavari - La Spezia (150 km),3050,163,52,images/profiles/ap/cf/giro-d-italia-2015-stage-4-profile-n2-808109289b.jpg,150.0
Giro,2015,13/05, 5,La Spezia - Abetone (152 km),3066,202,159,images/profiles/ap/fc/giro-d-italia-2015-stage-5-profile-n2-06e3f4429c.jpg,152.0
Giro,2015,14/05, 6,Montecatini Terme - Castiglione della Pescaia (183 km),1625,41,0,images/profiles/ap/eb/giro-d-italia-2015-stage-6-profile-n2-f536fe5871.jpg,183.0
Giro,2015,15/05, 7,Grosseto - Fiuggi (264 km),2873,112,70,images/profiles/ap/aa/giro-d-italia-2015-stage-7-profile-n2-1b2e9aab7a.jpg,264.0
Giro,2015,16/05, 8,Fiuggi - Campitello Matese (186 km),3842,253,143,images/profiles/ap/fc/giro-d-italia-2015-stage-8-profile-n2-41b9d2a0f4.jpg,186.0
Giro,2015,17/05, 9,Benevento - San Giorgio del Sannio (224 km),4264,170,63,images/profiles/ap/af/giro-d-italia-2015-stage-9-profile-n2-32608d14d1.jpg,224.0
Giro,2015,19/05, 10,Civitanova Marche - Forlì (200 km),841,10,0,images/profiles/ap/da/giro-d-italia-2015-stage-10-profile-n2-7ee4971c22.jpg,200.0
Giro,2015,20/05, 11,Forlì - Imola (153 km),2949,136,31,images/profiles/ap/fd/giro-d-italia-2015-stage-11-profile-n2-94e3b0bf54.jpg,153.0
Giro,2015,21/05, 12,Imola - Vicenza Monte Berico (190 km),1288,111,37,images/profiles/ap/db/giro-d-italia-2015-stage-12-profile-n2-b03b2764b7.jpg,190.0
Giro,2015,22/05, 13,Montecchio Maggiore - Lido di Jesolo (147 km),131,0,0,images/profiles/ap/be/giro-d-italia-2015-stage-13-profile-n2-27b0e48877.jpg,147.0
Giro,2015,23/05, 14 (ITT),Treviso - Valdobbiadene (59.4 km),593,32,21,images/profiles/ap/ac/giro-d-italia-2015-stage-14-profile-n2-ccc62fa45a.jpg,59.4
Giro,2015,24/05, 15,Marostica - Madonna di Campiglio (165 km),4634,329,129,images/profiles/ap/dd/giro-d-italia-2015-stage-15-profile-n2-18c41ef6c2.jpg,165.0
Giro,2015,26/05, 16,Pinzolo - Aprica (177 km),4951,371,82,images/profiles/ap/bc/giro-d-italia-2015-stage-16-profile-n2-09942c2c38.jpg,177.0
Giro,2015,27/05, 17,Tirano - Lugano (134 km),1857,101,32,images/profiles/ap/bf/giro-d-italia-2015-stage-17-profile-n2-fcbeb3c779.jpg,134.0
Giro,2015,28/05, 18,Melide - Verbania (170 km),2195,172,13,images/profiles/ap/aa/giro-d-italia-2015-stage-18-profile-n2-ef6eeff923.jpg,170.0
Giro,2015,29/05, 19,Gravellona Toce - Cervinia (236 km),5113,367,138,images/profiles/ap/eb/giro-d-italia-2015-stage-19-profile-n2-dfcffaea8b.jpg,236.0
Giro,2015,30/05, 20,Saint Vincent - Sestriere (196 km),3355,319,92,images/profiles/ap/cf/giro-d-italia-2015-stage-20-profile-n2-001f5b2bb2.jpg,196.0
Giro,2015,31/05, 21,Turin - Milan (185 km),142,0,0,images/profiles/ap/fe/giro-d-italia-2015-stage-21-profile-n2-7797dc8835.jpg,185.0
Giro,2016,06/05, 1 (ITT),Apeldoorn  - Apeldoorn  (9.8 km),37,0,0,images/profiles/ap/ca/giro-d-italia-2016-stage-1-profile-n2-b5d9a65a7e.jpg,9.8
Giro,2016,07/05, 2,Arnhem - Nijmegen  (190 km),732,15,6,images/profiles/ap/ce/giro-d-italia-2016-stage-2-profile-n2-8eac6b56a4.jpg,190.0
Giro,2016,08/05, 3,Nijmegen - Arnhem (190 km),691,6,1,images/profiles/ap/ba/giro-d-italia-2016-stage-3-profile-n2-3f62867dee.jpg,190.0
Giro,2016,10/05, 4,Catanzaro - Praia a Mare (200 km),2418,121,62,images/profiles/ap/be/giro-d-italia-2016-stage-4-profile-n2-807bac77d1.jpg,200.0
Giro,2016,11/05, 5,Praia a Mare - Benevento (233 km),3459,105,11,images/profiles/ap/bf/giro-d-italia-2016-stage-5-profile-n2-94b3b73fcc.jpg,233.0
Giro,2016,12/05, 6,Ponte - Roccaraso Aremogna (157 km),3749,233,109,images/profiles/ap/ce/giro-d-italia-2016-stage-6-profile-n2-78dea6e37d.jpg,157.0
Giro,2016,13/05, 7,Sulmona - Foligno (211 km),2301,67,0,images/profiles/ap/dd/giro-d-italia-2016-stage-7-profile-n2-3fe779da11.jpg,211.0
Giro,2016,14/05, 8,Foligno - Arezzo (186 km),1985,112,70,images/profiles/ap/da/giro-d-italia-2016-stage-8-profile-n2-d88cff5782.jpg,186.0
Giro,2016,15/05, 9 (ITT),Radda in Chianti - Greve in Chianti (40.5 km),561,34,22,images/profiles/ap/be/giro-d-italia-2016-stage-9-profile-n2-c3605f945f.jpg,40.5
Giro,2016,17/05, 10,Campi Bisenzio - Sestola (219 km),4618,261,127,images/profiles/ap/ea/giro-d-italia-2016-stage-10-profile-n2-10cce16ce7.jpg,219.0
Giro,2016,18/05, 11,Modena - Asolo (227 km),777,61,61,images/profiles/ap/cc/giro-d-italia-2016-stage-11-profile-n2-312a627909.jpg,227.0
Giro,2016,19/05, 12,Noale - Bibione  (182 km),122,0,0,images/profiles/ap/dc/giro-d-italia-2016-stage-12-profile-n2-44881f2408.jpg,182.0
Giro,2016,20/05, 13,Palmanova - Cividale del Friuli (170 km),3669,250,81,images/profiles/ap/bd/giro-d-italia-2016-stage-13-profile-n2-04afbfc374.jpg,170.0
Giro,2016,21/05, 14,Alpago - Corvara Alta Badia (210 km),6001,361,81,images/profiles/ap/bf/giro-d-italia-2016-stage-14-profile-n3-d7fcdb27ad.jpg,210.0
Giro,2016,22/05, 15 (ITT),Castelrotto  - Alpe di Siusi  (10.8 km),785,152,152,images/profiles/ap/db/giro-d-italia-2016-stage-15-profile-n2-757da76253.jpg,10.8
Giro,2016,24/05, 16,Bressanone  - Andalo (132 km),2737,236,155,images/profiles/ap/ff/giro-d-italia-2016-stage-16-profile-n2-fc23aad9ff.jpg,132.0
Giro,2016,25/05, 17,Molveno  - Cassano d'Adda  (196 km),1567,35,1,images/profiles/ap/bf/giro-d-italia-2016-stage-17-profile-n2-173904afff.jpg,196.0
Giro,2016,26/05, 18,Muggiò - Pinerolo (244 km),1637,139,110,images/profiles/ap/ef/giro-d-italia-2016-stage-18-profile-n2-0fa06b6688.jpg,244.0
Giro,2016,27/05, 19,Pinerolo - Risoul  (162 km),3905,315,176,images/profiles/ap/dc/giro-d-italia-2016-stage-19-profile-n2-fe75c9c20c.jpg,162.0
Giro,2016,28/05, 20,Guillestre - Sant'Anna di Vinadio (134 km),4500,344,184,images/profiles/ap/dd/giro-d-italia-2016-stage-20-profile-n2-64f4b4e158.jpg,134.0
Giro,2016,29/05, 21,Cuneo - Torino (163 km),879,32,14,images/profiles/ap/fb/giro-d-italia-2016-stage-21-profile-n2-89fcd4161e.jpg,163.0
Giro,2017,05/05, 1,Alghero - Olbia (206 km),2176,51,21,images/profiles/ap/fd/giro-d-italia-2017-stage-1-profile-n2-72fc01fd75.jpg,206.0
Giro,2017,06/05, 2,Olbia - Tortoli (221 km),3518,91,1,images/profiles/ap/cc/giro-d-italia-2017-stage-2-profile-n2-0c05b1888f.jpg,221.0
Giro,2017,07/05, 3,Tortolì - Cagliari (148 km),1441,41,0,images/profiles/ap/da/giro-d-italia-2017-stage-3-profile-n2-179517306f.jpg,148.0
Giro,2017,09/05, 4,Cefalù - Etna (181 km),4170,298,198,images/profiles/ap/bf/giro-d-italia-2017-stage-4-profile-n2-6bf8d70a6e.jpg,181.0
Giro,2017,10/05, 5,Pedara - Messina (159 km),1780,43,2,images/profiles/ap/ff/giro-d-italia-2017-stage-5-profile-n2-9907cdc781.jpg,159.0
Giro,2017,11/05, 6,Reggio Calabria - Terme Luigiane (217 km),2247,72,32,images/profiles/ap/dc/giro-d-italia-2017-stage-6-profile-n2-3ae784d045.jpg,217.0
Giro,2017,12/05, 7,Castrovillari - Alberobello (224 km),1340,27,6,images/profiles/ap/af/giro-d-italia-2017-stage-7-profile-n2-a16c90dd66.jpg,224.0
Giro,2017,13/05, 8,Molfetta - Peschici (189 km),2127,110,46,images/profiles/ap/ad/giro-d-italia-2017-stage-8-profile-n2-9f6b350253.jpg,189.0
Giro,2017,14/05, 9,Montenero di Bisaccia - Blockhaus (152 km),2921,308,274,images/profiles/ap/bd/giro-d-italia-2017-stage-9-profile-n2-3d7f5fc201.jpg,152.0
Giro,2017,16/05, 10 (ITT),Foligno - Montefalco (39.8 km),505,35,31,images/profiles/ap/fd/giro-d-italia-2017-stage-10-profile-n2-eaaf1ca2b1.jpg,39.8
Giro,2017,17/05, 11,Firenze - Bagno di Romagna (161 km),3912,183,6,images/profiles/ap/cd/giro-d-italia-2017-stage-11-profile-n2-8f4c5f9b06.jpg,161.0
Giro,2017,18/05, 12,Forlì - Reggio Emilia (229 km),2407,50,0,images/profiles/ap/bc/giro-d-italia-2017-stage-12-profile-n2-6d69cb57d0.jpg,229.0
Giro,2017,19/05, 13,Reggio Emilia - Tortona (167 km),399,0,0,images/profiles/ap/cc/giro-d-italia-2017-stage-13-profile-n2-7e05885272.jpg,167.0
Giro,2017,20/05, 14,Castellania - Oropa (131 km),1106,129,129,images/profiles/ap/ce/giro-d-italia-2017-stage-14-profile-n2-487297a3fe.jpg,131.0
Giro,2017,21/05, 15,Valdengo - Bergamo (199 km),2255,129,18,images/profiles/ap/fb/giro-d-italia-2017-stage-15-profile-n2-22a5c2c983.jpg,199.0
Giro,2017,23/05, 16,Rovetta - Bormio (222 km),5845,329,96,images/profiles/ap/ff/giro-d-italia-2017-stage-16-profile-n2-5c254dfc25.jpg,222.0
Giro,2017,24/05, 17,Tirano - Canazei (219 km),4576,166,25,images/profiles/ap/cc/giro-d-italia-2017-stage-17-profile-n2-091d21aeeb.jpg,219.0
Giro,2017,25/05, 18,Moena - Ortisei/St. Urlich (137 km),3961,281,147,images/profiles/ap/bf/giro-d-italia-2017-stage-18-profile-n2-ac8c713c5a.jpg,137.0
Giro,2017,26/05, 19,San Candido/Innichen - Piancavallo (191 km),3551,250,192,images/profiles/ap/fb/giro-d-italia-2017-stage-19-profile-n2-00eafd5ed7.jpg,191.0
Giro,2017,27/05, 20,Pordenone - Asiago (190 km),3721,227,127,images/profiles/ap/bf/giro-d-italia-2017-stage-20-profile-n2-db21007389.jpg,190.0
Giro,2017,28/05, 21 (ITT),Monza - Milano (29.3 km),25,0,0,images/profiles/ap/ab/giro-d-italia-2017-stage-21-profile-n2-6b3ef20c87.jpg,29.3
Giro,2018,04/05, 1 (ITT),Jerusalem - Jerusalem (9.7 km),155,9,9,images/profiles/ap/dd/giro-d-italia-2018-stage-1-profile-n3-fc3c57aab2.jpg,9.7
Giro,2018,05/05, 2,Haifa - Tel Aviv (167 km),988,9,0,images/profiles/ap/fc/giro-d-italia-2018-stage-2-profile-n4-d5fafe287c.jpg,167.0
Giro,2018,06/05, 3,Be'er Sheva - Eilat (229 km),1771,16,0,images/profiles/ap/dd/giro-d-italia-2018-stage-3-profile-n3-5727fa1d0c.jpg,229.0
Giro,2018,08/05, 4,Catania - Caltagirone (202 km),3428,111,37,images/profiles/ap/cb/giro-d-italia-2018-stage-4-profile-n4-989e133820.jpg,202.0
Giro,2018,09/05, 5,Agrigento - Santa Ninfa Valle del Belice (153 km),2237,97,50,images/profiles/ap/fc/giro-d-italia-2018-stage-5-profile-n3-fb98371ba7.jpg,153.0
Giro,2018,10/05, 6,Caltanissetta - Etna (164 km),3307,241,193,images/profiles/ap/cb/giro-d-italia-2018-stage-6-profile-n3-b996aeefe6.jpg,164.0
Giro,2018,11/05, 7,Pizzo - Praia a Mare (159 km),1023,29,11,images/profiles/ap/ca/giro-d-italia-2018-stage-7-profile-n3-254cdba3b7.jpg,159.0
Giro,2018,12/05, 8,Praia a Mare - Montevergine di Mercogliano (209 km),3248,171,111,images/profiles/ap/fe/giro-d-italia-2018-stage-8-profile-n3-eec8979756.jpg,209.0
Giro,2018,13/05, 9,Pesco Sannita - Gran Sasso d'Italia (225 km),4034,240,119,images/profiles/ap/ba/giro-d-italia-2018-stage-9-profile-n3-a22beaa108.jpg,225.0
Giro,2018,15/05, 10,Penne - Gualdo Tadino (244 km),4133,118,12,images/profiles/ap/ff/giro-d-italia-2018-stage-10-profile-n3-aa60a77daf.jpg,244.0
Giro,2018,16/05, 11,Assisi - Osimo (156 km),2027,95,43,images/profiles/ap/da/giro-d-italia-2018-stage-11-profile-n3-820ffd87aa.jpg,156.0
Giro,2018,17/05, 12,Osimo - Imola (214 km),874,29,27,images/profiles/ap/ae/giro-d-italia-2018-stage-12-profile-n3-1f49781b13.jpg,214.0
Giro,2018,18/05, 13,Ferrara - Nervesa della Battaglia (180 km),429,10,7,images/profiles/ap/ec/giro-d-italia-2018-stage-13-profile-n3-691005fdb2.jpg,180.0
Giro,2018,19/05, 14,San Vito al Tagliamento - Monte Zoncolan (186 km),4477,473,346,images/profiles/ap/bb/giro-d-italia-2018-stage-14-profile-n3-c4c7660d4a.jpg,186.0
Giro,2018,20/05, 15,Tolmezzo - Sappada (176 km),4112,264,91,images/profiles/ap/ac/giro-d-italia-2018-stage-15-profile-n3-a9f80b4eab.jpg,176.0
Giro,2018,22/05, 16 (ITT),Trento - Rovereto  (34.2 km),223,9,8,images/profiles/ap/bf/giro-d-italia-2018-stage-16-profile-n3-8889c79076.jpg,34.2
Giro,2018,23/05, 17,Riva del Garda - Iseo (155 km),2040,55,10,images/profiles/ap/df/giro-d-italia-2018-stage-17-profile-n3-d72fafa408.jpg,155.0
Giro,2018,24/05, 18,Abbiategrasso - Prato Nevoso (196 km),2314,185,161,images/profiles/ap/cf/giro-d-italia-2018-stage-18-profile-n3-a5de0c369d.jpg,196.0
Giro,2018,25/05, 19,Venaria Reale - Bardonecchia Jafferau (184 km),5216,313,153,images/profiles/ap/aa/giro-d-italia-2018-stage-19-profile-n3-35c7acaee2.jpg,184.0
Giro,2018,26/05, 20,Susa - Cervinia (214 km),4254,351,136,images/profiles/ap/bb/giro-d-italia-2018-stage-20-profile-n4-29833953e0.jpg,214.0
Giro,2018,27/05, 21,Roma - Roma (115 km),897,20,8,images/profiles/ap/ab/giro-d-italia-2018-stage-21-profile-n3-a1e231ff01.jpg,115.0
Giro,2019,11/05, 1 (ITT),Bologna - Madonna di San Luca (8 km),291,39,39,images/profiles/ap/aa/giro-d-italia-2019-stage-1-profile-ca38cc356e.jpg,8.0
Giro,2019,12/05, 2,Bologna - Fucecchio (205 km),2242,69,5,images/profiles/ap/ee/giro-d-italia-2019-stage-2-profile-ac5f1e99e6.jpg,205.0
Giro,2019,13/05, 3,Vinci - Orbetello (220 km),1790,31,0,images/profiles/ap/fc/giro-d-italia-2019-stage-3-profile-n2-3b38977add.jpg,220.0
Giro,2019,14/05, 4,Orbetello - Frascati (235 km),2995,80,33,images/profiles/ap/fa/giro-d-italia-2019-stage-4-profile-be4a1e9d7c.jpg,235.0
Giro,2019,15/05, 5,Frascati - Terracina (140 km),2056,88,5,images/profiles/ap/bc/giro-d-italia-2019-stage-5-profile-2adb75888c.jpg,140.0
Giro,2019,16/05, 6,Cassino - San Giovanni Rotondo (238 km),2881,99,45,images/profiles/ap/cd/giro-d-italia-2019-stage-6-profile-ff945fc866.jpg,238.0
Giro,2019,17/05, 7,Vasto - L'Aquila (185 km),2626,101,36,images/profiles/ap/df/giro-d-italia-2019-stage-7-profile-75a5b561af.jpg,185.0
Giro,2019,18/05, 8,Tortoreto Lido - Pesaro (239 km),1998,75,29,images/profiles/ap/cd/giro-d-italia-2019-stage-8-profile-cdf72f1f41.jpg,239.0
Giro,2019,19/05, 9 (ITT),Riccione - San Marino (34.8 km),723,83,83,images/profiles/ap/ff/giro-d-italia-2019-stage-9-profile-3d71e67c23.jpg,34.8
Giro,2019,21/05, 10,Ravenna - Modena (145 km),160,1,1,images/profiles/ap/ff/giro-d-italia-2019-stage-10-profile-e88e3cfb82.jpg,145.0
Giro,2019,22/05, 11,Carpi - Novi Ligure (221 km),476,0,0,images/profiles/ap/fe/giro-d-italia-2019-stage-11-profile-d35069452d.jpg,221.0
Giro,2019,23/05, 12,Cuneo - Pinerolo (158 km),1918,131,11,images/profiles/ap/ca/giro-d-italia-2019-stage-12-profile-471a5ec0eb.jpg,158.0
Giro,2019,24/05, 13,Pinerolo - Ceresole Reale Lago Serrù (196 km),5187,377,218,images/profiles/ap/bc/giro-d-italia-2019-stage-13-profile-31b11d75b4.jpg,196.0
Giro,2019,25/05, 14,Saint Vincent - Courmayeur Skyway Monte Bianco (131 km),4187,330,39,images/profiles/ap/bb/giro-d-italia-2019-stage-14-profile-1ebce04273.jpg,131.0
Giro,2019,26/05, 15,Ivrea - Como (232 km),3122,214,93,images/profiles/ap/ad/giro-d-italia-2019-stage-15-profile-90d0c19a5b.jpg,232.0
Giro,2019,28/05, 16,Lovere - Ponte di Legno (194 km),5207,334,29,images/profiles/ap/ab/giro-d-italia-2019-stage-16-profile-n2-cc0c820817.jpg,194.0
Giro,2019,29/05, 17,Commezzadura Val di Sole - Anterselva / Antholz (181 km),3482,221,106,images/profiles/ap/aa/giro-d-italia-2019-stage-17-profile-n2-622cc9e33e.jpg,181.0
Giro,2019,30/05, 18,Valdaora / Olang - Santa Maria di Sala (222 km),1478,20,0,images/profiles/ap/cb/giro-d-italia-2019-stage-18-profile-31b446abb2.jpg,222.0
Giro,2019,31/05, 19,Treviso - San Martino di Castrozza (151 km),3169,215,139,images/profiles/ap/dc/giro-d-italia-2019-stage-19-profile-f0d3e9d55e.jpg,151.0
Giro,2019,01/06, 20,Feltre  - Monte Avena (194 km),5754,371,192,images/profiles/ap/fa/giro-d-italia-2019-stage-20-profile-88dfcf02bc.jpg,194.0
Giro,2019,02/06, 21 (ITT),Verona - Verona (17 km),297,23,23,images/profiles/ap/ba/giro-d-italia-2019-stage-21-profile-466f67c58b.jpg,17.0
Giro,2020,03/10, 1 (ITT),Monreale - Palermo (15.1 km),74,6,6,images/profiles/ap/bc/giro-d-italia-2020-stage-1-profile-n3-0bb2c3a21b.jpg,15.1
Giro,2020,04/10, 2,Alcamo - Agrigento (149 km),2359,92,43,images/profiles/ap/cc/giro-d-italia-2020-stage-2-profile-f10a438980.jpg,149.0
Giro,2020,05/10, 3,Enna - Etna (150 km),3516,293,202,images/profiles/ap/dc/giro-d-italia-2020-stage-3-profile-1be4c4bb24.jpg,150.0
Giro,2020,06/10, 4,Catania - Villafranca Tirrena (140 km),1791,45,0,images/profiles/ap/fc/giro-d-italia-2020-stage-4-profile-dfb2413df2.jpg,140.0
Giro,2020,07/10, 5,Mileto - Camigliatello Silano (225 km),4705,264,120,images/profiles/ap/dc/giro-d-italia-2020-stage-5-profile-ec56ea9862.jpg,225.0
Giro,2020,08/10, 6,Castrovillari - Matera (188 km),2821,107,31,images/profiles/ap/eb/giro-d-italia-2020-stage-6-profile-bc8d2986db.jpg,188.0
Giro,2020,09/10, 7,Matera - Brindisi (143 km),450,5,0,images/profiles/ap/db/giro-d-italia-2020-stage-7-profile-6725970604.jpg,143.0
Giro,2020,10/10, 8,Giovinazzo - Vieste (200 km),2197,116,29,images/profiles/ap/de/giro-d-italia-2020-stage-8-profile-e828d3bf9c.jpg,200.0
Giro,2020,11/10, 9,San Salvo - Roccaraso Aremogna (208 km),4544,222,85,images/profiles/ap/ea/giro-d-italia-2020-stage-9-profile-ea3ab1fa6f.jpg,208.0
Giro,2020,13/10, 10,Lanciano - Tortoreto (177 km),2057,134,56,images/profiles/ap/dc/giro-d-italia-2020-stage-10-profile-b76554ccd9.jpg,177.0
Giro,2020,14/10, 11,Porto Sant'Elpidio - Rimini (182 km),1197,50,7,images/profiles/ap/ed/giro-d-italia-2020-stage-11-profile-6fc3ac78f7.jpg,182.0
Giro,2020,15/10, 12,Cesenatico - Cesenatico (204 km),3815,164,1,images/profiles/ap/df/giro-d-italia-2020-stage-12-profile-ccfd823206.jpg,204.0
Giro,2020,16/10, 13,Cervia - Monselice (192 km),827,86,42,images/profiles/ap/fe/giro-d-italia-2020-stage-13-profile-ef7bcb48ad.jpg,192.0
Giro,2020,17/10, 14 (ITT),Conegliano - Valdobbiadene (34.1 km),716,63,47,images/profiles/ap/af/giro-d-italia-2020-stage-14-profile-b9efe4095a.jpg,34.1
Giro,2020,18/10, 15,Base Aerea Rivolto - Piancavallo (185 km),4515,347,214,images/profiles/ap/bc/giro-d-italia-2020-stage-15-profile-1ab23cb792.jpg,185.0
Giro,2020,20/10, 16,Udine - San Daniele del Friuli (229 km),4056,238,80,images/profiles/ap/cf/giro-d-italia-2020-stage-16-profile-a5a1a1c423.jpg,229.0
Giro,2020,21/10, 17,Bassano del Grappa - Madonna di Campiglio (203 km),5650,316,117,images/profiles/ap/bb/giro-d-italia-2020-stage-17-profile-1033a2c8e5.jpg,203.0
Giro,2020,22/10, 18,Pinzolo - Laghi di Cancano (207 km),5848,400,124,images/profiles/ap/eb/giro-d-italia-2020-stage-18-profile-8c4c96ef56.jpg,207.0
Giro,2020,23/10, 19,Abbiategrasso - Asti (124 km),406,11,8,images/profiles/ap/fc/giro-d-italia-2020-stage-19-profile-0857a8493c.jpg,124.0
Giro,2020,24/10, 20,Alba - Sestriere (190 km),3716,262,110,images/profiles/ap/fb/giro-d-italia-2020-stage-20-profile-n2-3acabc049d.jpg,190.0
Giro,2020,25/10, 21 (ITT),Cernusco sul Naviglio - Milan (15.7 km),3,0,0,images/profiles/ap/fe/giro-d-italia-2020-stage-21-profile-75f880527b.jpg,15.7
Giro,2021,08/05, 1 (ITT),Turin - Turin (8.6 km),48,1,1,images/profiles/ap/ab/giro-d-italia-2021-stage-1-profile-n2-421e134e54.jpg,8.6
Giro,2021,09/05, 2,Stupinigi  - Novara (179 km),707,9,0,images/profiles/ap/df/giro-d-italia-2021-stage-2-profile-n2-8e3e0657ab.jpg,179.0
Giro,2021,10/05, 3,Biella - Canale (190 km),1870,103,28,images/profiles/ap/ee/giro-d-italia-2021-stage-3-profile-n3-62bd5bcd7f.jpg,190.0
Giro,2021,11/05, 4,Piacenza - Sestola (187 km),3138,252,156,images/profiles/ap/cb/giro-d-italia-2021-stage-4-profile-n3-a410ca8bad.jpg,187.0
Giro,2021,12/05, 5,Modena - Cattolica (177 km),363,0,0,images/profiles/ap/ab/giro-d-italia-2021-stage-5-profile-n3-fa774ece43.jpg,177.0
Giro,2021,13/05, 6,Grotte di Frasassi - Ascoli Piceno San Giacomo (160 km),3595,221,139,images/profiles/ap/ef/giro-d-italia-2021-stage-6-profile-n4-f2472c5ec8.jpg,160.0
Giro,2021,14/05, 7,Notaresco - Termoli (181 km),1725,37,2,images/profiles/ap/ea/giro-d-italia-2021-stage-7-profile-n3-e602033667.jpg,181.0
Giro,2021,15/05, 8,Foggia - Guardia Sanframondi (170 km),3085,133,53,images/profiles/ap/da/giro-d-italia-2021-stage-8-profile-n3-09322a724c.jpg,170.0
Giro,2021,16/05, 9,Castel di Sangro - Campo Felice Rocca di Cambio (158 km),3503,196,89,images/profiles/ap/ec/giro-d-italia-2021-stage-9-profile-n3-29ab8dd9bc.jpg,158.0
Giro,2021,17/05, 10,L'Aquila - Foligno (139 km),1460,60,0,images/profiles/ap/ca/giro-d-italia-2021-stage-10-profile-n2-e394e87c0c.jpg,139.0
Giro,2021,19/05, 11,Perugia - Montalcino (162 km),2364,174,90,images/profiles/ap/ce/giro-d-italia-2021-stage-11-profile-n2-a5e6e126e1.jpg,162.0
Giro,2021,20/05, 12,Siena - Bagno di Romagna (212 km),4433,223,82,images/profiles/ap/ad/giro-d-italia-2021-stage-12-profile-n2-05e42cdf0f.jpg,212.0
Giro,2021,21/05, 13,Ravenna - Verona (198 km),199,0,0,images/profiles/ap/fa/giro-d-italia-2021-stage-13-profile-n2-e9271cd374.jpg,198.0
Giro,2021,22/05, 14,Cittadella - Monte Zoncolan (205 km),3580,341,251,images/profiles/ap/af/giro-d-italia-2021-stage-14-profile-n2-c5710b205a.jpg,205.0
Giro,2021,23/05, 15,Grado - Gorizia (147 km),1682,106,43,images/profiles/ap/bc/giro-d-italia-2021-stage-15-profile-n2-9a7513e097.jpg,147.0
Giro,2021,24/05, 16,Sacile - Cortina d'Ampezzo (153 km),3942,295,135,images/profiles/ap/be/giro-d-italia-2021-stage-16-profile-n3-b0ebf56c48.jpg,153.0
Giro,2021,26/05, 17,Canazei - Sega di Ala (193 km),3703,408,243,images/profiles/ap/df/giro-d-italia-2021-stage-17-profile-n2-2d7ddcd419.jpg,193.0
Giro,2021,27/05, 18,Rovereto - Stradella (231 km),1398,74,46,images/profiles/ap/ec/giro-d-italia-2021-stage-18-profile-n2-736926f88e.jpg,231.0
Giro,2021,28/05, 19,Abbiategrasso - Alpe di Mera Valsesia (166 km),2811,292,213,images/profiles/ap/fb/giro-d-italia-2021-stage-19-profile-n3-9dbb165e58.jpg,166.0
Giro,2021,29/05, 20,Verbania - Valle Spluga-Alpe Motta (164 km),3867,305,134,images/profiles/ap/da/giro-d-italia-2021-stage-20-profile-n2-8ddfdb5a09.jpg,164.0
Giro,2021,30/05, 21 (ITT),Senago - Milan (30.3 km),24,0,0,images/profiles/ap/ee/giro-d-italia-2021-stage-21-profile-n2-092f648c8f.jpg,30.3
Giro,2022,06/05, 1,Budapest - Visegrád (195 km),1390,51,36,images/profiles/ap/ee/giro-d-italia-2022-stage-1-profile-n2-b7f8c09bab.jpg,195.0
Giro,2022,07/05, 2 (ITT),Budapest - Budapest (9.2 km),81,8,8,images/profiles/ap/bb/giro-d-italia-2022-stage-2-profile-n2-70108d0de6.jpg,9.2
Giro,2022,08/05, 3,Kaposvár - Balatonfüred (201 km),1150,7,3,images/profiles/ap/ec/giro-d-italia-2022-stage-3-profile-n2-a70843e25a.jpg,201.0
Giro,2022,10/05, 4,Avola - Etna (172 km),3626,251,203,images/profiles/ap/db/giro-d-italia-2022-stage-4-profile-n2-2023cd0a10.jpg,172.0
Giro,2022,11/05, 5,Catania - Messina (174 km),1968,31,0,images/profiles/ap/ce/giro-d-italia-2022-stage-5-profile-n2-2358f84066.jpg,174.0
Giro,2022,12/05, 6,Palmi - Scalea (192 km),1498,49,16,images/profiles/ap/ca/giro-d-italia-2022-stage-6-profile-n2-ef86fabfd3.jpg,192.0
Giro,2022,13/05, 7,Diamante - Potenza (196 km),4730,246,25,images/profiles/ap/cc/giro-d-italia-2022-stage-7-profile-n2-e4fb232d35.jpg,196.0
Giro,2022,14/05, 8,Napoli - Napoli (153 km),2243,123,39,images/profiles/ap/bc/giro-d-italia-2022-stage-8-profile-a2128886f3.jpg,153.0
Giro,2022,15/05, 9,Isernia - Blockhaus (191 km),5080,458,296,images/profiles/ap/db/giro-d-italia-2022-stage-9-profile-179f727723.jpg,191.0
Giro,2022,17/05, 10,Pescara - Jesi (196 km),1764,86,30,images/profiles/ap/cf/giro-d-italia-2022-stage-10-profile-n2-0f57a1c69a.jpg,196.0
Giro,2022,18/05, 11,Santarcangelo di Romagna - Reggio Emilia (203 km),369,0,0,images/profiles/ap/ba/giro-d-italia-2022-stage-11-profile-7abc744537.jpg,203.0
Giro,2022,19/05, 12,Parma - Genova (204 km),2867,112,15,images/profiles/ap/ac/giro-d-italia-2022-stage-12-profile-d66a565a97.jpg,204.0
Giro,2022,20/05, 13,Sanremo - Cuneo (150 km),1817,51,4,images/profiles/ap/be/giro-d-italia-2022-stage-13-profile-b200f1dbf3.jpg,150.0
Giro,2022,21/05, 14,Santena - Torino (147 km),3167,247,81,images/profiles/ap/af/giro-d-italia-2022-stage-14-profile-69f9be07d0.jpg,147.0
Giro,2022,22/05, 15,Rivarolo Canavese - Cogne (177 km),4019,301,157,images/profiles/ap/ee/giro-d-italia-2022-stage-15-profile-a748b37aab.jpg,177.0
Giro,2022,24/05, 16,Salò - Aprica (202 km),5268,376,192,images/profiles/ap/ae/giro-d-italia-2022-stage-16-profile-26d0b5a182.jpg,202.0
Giro,2022,25/05, 17,Ponte di Legno - Lavarone (168 km),3950,347,160,images/profiles/ap/ab/giro-d-italia-2022-stage-17-profile-3894b51377.jpg,168.0
Giro,2022,26/05, 18,Borgo Valsugana - Treviso (156 km),1219,34,0,images/profiles/ap/ed/giro-d-italia-2022-stage-18-profile-2cd7c0e570.jpg,156.0
Giro,2022,27/05, 19,Marano Lagunare - Santuario di Castelmonte (178 km),3489,262,90,images/profiles/ap/ca/giro-d-italia-2022-stage-19-profile-986158efae.jpg,178.0
Giro,2022,28/05, 20,Belluno - Marmolada Passo Fedaia (168 km),4718,392,249,images/profiles/ap/ae/giro-d-italia-2022-stage-20-profile-ff02bcdd82.jpg,168.0
Giro,2022,29/05, 21 (ITT),Verona - Verona (17.4 km),317,30,30,images/profiles/ap/aa/giro-d-italia-2022-stage-21-profile-n2-8cebc230a9.jpg,17.4
Giro,2023,06/05, 1 (ITT),Fossacesia Marina - Ortona (19.6 km),171,11,11,images/profiles/ap/ef/giro-d-italia-2023-stage-1-profile-n3-c22103c954.jpg,19.6
Giro,2023,07/05, 2,Teramo - San Salvo (202 km),1831,51,5,images/profiles/ap/ef/giro-d-italia-2023-stage-2-profile-35cca2eef7.jpg,202.0
Giro,2023,08/05, 3,Vasto - Melfi (213 km),1777,92,28,images/profiles/ap/ef/giro-d-italia-2023-stage-3-profile-639ba268bb.jpg,213.0
Giro,2023,09/05, 4,Venosa - Lago Laceno (175 km),3667,207,119,images/profiles/ap/ab/giro-d-italia-2023-stage-4-profile-n2-89ef70303c.jpg,175.0
Giro,2023,10/05, 5,Atripalda  - Salerno (171 km),2529,77,0,images/profiles/ap/bc/giro-d-italia-2023-stage-5-profile-n2-7a98d3f7e8.jpg,171.0
Giro,2023,11/05, 6,Napoli - Napoli (162 km),2581,92,1,images/profiles/ap/fe/giro-d-italia-2023-stage-6-profile-n2-da26f929b3.jpg,162.0
Giro,2023,12/05, 7,Capua - Gran Sasso d'Italia Campo Imperatore (218 km),4143,253,124,images/profiles/ap/bc/giro-d-italia-2023-stage-7-profile-n2-bf027b5c02.jpg,218.0
Giro,2023,13/05, 8,Terni - Fossombrone (207 km),2790,180,75,images/profiles/ap/ca/giro-d-italia-2023-stage-8-profile-n2-400b951835.jpg,207.0
Giro,2023,14/05, 9 (ITT),Savignano sul Rubicone - Cesena (35 km),84,0,0,images/profiles/ap/ad/giro-d-italia-2023-stage-9-profile-n4-b99e6ef812.jpg,35.0
Giro,2023,16/05, 10,Scandiano - Viareggio (196 km),3020,76,4,images/profiles/ap/bc/giro-d-italia-2023-stage-10-profile-n5-6a069d26f4.jpg,196.0
Giro,2023,17/05, 11,Camaiore - Tortona (219 km),2430,60,3,images/profiles/ap/dc/giro-d-italia-2023-stage-11-profile-n2-c5535daadc.jpg,219.0
Giro,2023,18/05, 12,Bra - Rivoli (185 km),2348,112,5,images/profiles/ap/ad/giro-d-italia-2023-stage-12-profile-n3-3e4cd14fc3.png,185.0
Giro,2023,19/05, 13,Le Châble - Crans-Montana (74.6 km),2456,283,165,images/profiles/ap/ce/giro-d-italia-2023-stage-13-profile-n7-d8865bf77a.jpg,74.6
Giro,2023,20/05, 14,Sierre - Cassano Magnago (194 km),2336,68,13,images/profiles/ap/bd/giro-d-italia-2023-stage-14-profile-n6-933e376c3a.jpg,194.0
Giro,2023,21/05, 15,Seregno - Bergamo (195 km),4040,202,22,images/profiles/ap/ac/giro-d-italia-2023-stage-15-profile-n3-8b4f1fc7a2.jpg,195.0
Giro,2023,23/05, 16,Sabbio Chiese - Monte Bondone (203 km),5852,456,256,images/profiles/ap/bd/giro-d-italia-2023-stage-16-profile-n3-8b2ed98f8d.jpg,203.0
Giro,2023,24/05, 17,Pergine Valsugana - Caorle (197 km),523,5,0,images/profiles/ap/cd/giro-d-italia-2023-stage-17-profile-n2-04496194cb.jpg,197.0
Giro,2023,25/05, 18,Oderzo - Val di Zoldo Palafavera (161 km),4153,362,159,images/profiles/ap/af/giro-d-italia-2023-stage-18-profile-n2-2b6ec5d3a5.jpg,161.0
Giro,2023,26/05, 19,Longarone - Tre Cime di Lavaredo (183 km),5423,478,245,images/profiles/ap/ed/giro-d-italia-2023-stage-19-profile-n3-2dffd91873.jpg,183.0
Giro,2023,27/05, 20 (ITT),Tarvisio - Monte Lussari (18.6 km),1070,197,197,images/profiles/ap/ab/giro-d-italia-2023-stage-20-profile-n3-2a005d8542.jpg,18.6
Giro,2023,28/05, 21,Roma - Roma (126 km),692,21,9,images/profiles/ap/ff/giro-d-italia-2023-stage-21-profile-n3-98eabcbc33.jpg,126.0
Giro,2024,04/05, 1,Venaria Reale - Torino (140 km),1851,145,67,images/profiles/ap/fe/giro-d-italia-2024-stage-1-profile-fe6f29dd21.jpg,140.0
Giro,2024,05/05, 2,San Francesco al Campo - Santuario di Oropa (161 km),2310,222,152,images/profiles/ap/cb/giro-d-italia-2024-map-1e7df50846.jpg,161.0
Giro,2024,06/05, 3,Novara - Fossano (166.3 km),865,35,27,images/profiles/ap/bc/giro-d-italia-2024-stage-3-2d2aa7bb7d.jpg,166.3
Giro,2024,07/05, 4,Acqui Terme - Andora (190 km),2151,44,7,images/profiles/ap/df/giro-d-italia-2024-stage-4-05efc26420.jpg,190.0
Giro,2024,08/05, 5,Genova - Lucca (178 km),2197,59,11,images/profiles/ap/ec/giro-d-italia-2024-stage-5-profile-n2-c7c0d72b31.png,178.0
Giro,2024,09/05, 6,Viareggio - Rapolano Terme (180 km),2118,102,54,images/profiles/ap/bc/giro-d-italia-2024-stage-6-sprint-35e49944a4.jpg,180.0
Giro,2024,10/05, 7 (ITT),Foligno - Perugia (40.6 km),408,42,42,images/profiles/ap/cd/giro-d-italia-2024-stage-7-final-km-2415ad41c5.jpg,40.6
Giro,2024,11/05, 8,Spoleto - Prati di Tivo (152 km),3658,265,176,images/profiles/ap/ce/giro-d-italia-2024-stage-8-sprint-cee366de4a.jpg,152.0
Giro,2024,12/05, 9,Avezzano - Naples (214 km),1574,77,39,images/profiles/ap/ca/giro-d-italia-2024-stage-9-profile-n2-4be382f452.jpg,214.0
Giro,2024,14/05, 10,Pompei - Bocca della Selva (142 km),3029,267,171,images/profiles/ap/eb/giro-d-italia-2024-stage-10-profile-n2-972ee45789.jpg,142.0
Giro,2024,15/05, 11,Foiano di Val Fortore - Francavilla al Mare (207 km),1830,36,8,images/profiles/ap/ef/giro-d-italia-2024-stage-11-profile-n2-5fe67b4994.jpg,207.0
Giro,2024,16/05, 12,Martinsicuro - Fano (193 km),2162,95,28,images/profiles/ap/fc/giro-d-italia-2024-stage-12-final-km-46852391fa.jpg,193.0
Giro,2024,17/05, 13,Riccione - Cento (179 km),202,0,0,images/profiles/ap/ee/giro-d-italia-2024-stage-13-final-km-b2b12f0f6a.jpg,179.0
Giro,2024,18/05, 14 (ITT),Castiglione delle Stiviere - Desenzano del Garda (31.2 km),250,9,6,images/profiles/ap/dd/giro-d-italia-2024-map-n2-bf9dec8c66.jpg,31.2
Giro,2024,19/05, 15,Manerba del Garda - Livigno Mottolino (222 km),5724,397,210,images/profiles/ap/bc/giro-d-italia-2024-stage-15-sprint-ccea85e6f0.jpg,222.0
Giro,2024,21/05, 16,Laas - Santa Cristina Valgardena Monte Pana (118.4 km),2151,234,162,images/profiles/ap/ef/giro-d-italia-2024-stage-16-profile-n4-2e85dbb80f.jpg,118.4
Giro,2024,22/05, 17,Selva di Val Gardena - Passo Brocon (159 km),4087,341,158,images/profiles/ap/eb/giro-d-italia-2024-stage-17-profile-6eedd51e2b.jpg,159.0
Giro,2024,23/05, 18,Fiera di Primiero - Padova (178 km),873,18,0,images/profiles/ap/fd/giro-d-italia-2024-stage-18-sprint-3954303d41.jpg,178.0
Giro,2024,24/05, 19,Mortegliano - Sappada (157 km),3251,258,117,images/profiles/ap/de/giro-d-italia-2024-stage-19-profile-e390d18c85.jpg,157.0
Giro,2024,25/05, 20,Alpago - Bassano del Grappa (184 km),4540,316,23,images/profiles/ap/aa/giro-d-italia-2024-stage-20-profile-2b094c4248.jpg,184.0
Giro,2024,26/05, 21,Rome - Rome (125 km),676,13,7,images/profiles/ap/ab/giro-d-italia-2024-stage-21-profile-n2-736424ffff.png,125.0
Tour,2015,04/07, 1 (ITT),Utrecht - Utrecht (13.8 km),28,0,0,images/profiles/ap/ac/tour-de-france-2015-stage-1-profile-n2-f5bf9fb698.jpg,13.8
Tour,2015,05/07, 2,Utrecht - Neeltje Jans (166 km),241,0,0,images/profiles/ap/be/tour-de-france-2015-stage-2-profile-n2-5a60a71c44.jpg,166.0
Tour,2015,06/07, 3,Antwerpen - Huy (159.5 km),1435,100,75,images/profiles/ap/da/tour-de-france-2015-stage-3-profile-n2-1b276d7a99.jpg,159.5
Tour,2015,07/07, 4,Seraing - Cambrai (223.5 km),1552,15,3,images/profiles/ap/fd/tour-de-france-2015-stage-4-profile-n2-7ba779242e.jpg,223.5
Tour,2015,08/07, 5,Arras - Amiens (189.5 km),1606,24,2,images/profiles/ap/cb/tour-de-france-2015-stage-5-profile-n2-1c196870d2.jpg,189.5
Tour,2015,09/07, 6,Abbeville - Le Havre (191.5 km),1694,38,8,images/profiles/ap/aa/tour-de-france-2015-stage-6-profile-n2-51da036898.jpg,191.5
Tour,2015,10/07, 7,Livarot - Fougères (190.5 km),1694,25,6,images/profiles/ap/ac/tour-de-france-2015-stage-7-profile-n2-5650aa74a3.jpg,190.5
Tour,2015,11/07, 8,Rennes - Mûr-de-bretagne (181.5 km),2057,72,48,images/profiles/ap/dc/tour-de-france-2015-stage-8-profile-n2-4592f93acd.jpg,181.5
Tour,2015,12/07, 9 (TTT),Vannes - Plumelec (28 km),401,25,25,images/profiles/ap/fc/tour-de-france-2015-stage-9-profile-n2-7195a064fa.jpg,28.0
Tour,2015,14/07, 10,Tarbes - La Pierre-Saint-Martin (167 km),2655,271,237,images/profiles/ap/dd/tour-de-france-2015-stage-10-profile-n2-f1e22a96f4.jpg,167.0
Tour,2015,15/07, 11,Pau - Cauterets (188 km),4099,275,68,images/profiles/ap/db/tour-de-france-2015-stage-11-profile-n2-327d46c765.jpg,188.0
Tour,2015,16/07, 12,Lannemezan - Plateau de Beille (195 km),4948,393,240,images/profiles/ap/be/tour-de-france-2015-stage-12-profile-n2-c8642b34fc.jpg,195.0
Tour,2015,17/07, 13,Muret - Rodez (198.5 km),2299,81,32,images/profiles/ap/fd/tour-de-france-2015-stage-13-profile-n2-12c798b965.jpg,198.5
Tour,2015,18/07, 14,Rodez - Mende (178.5 km),2772,186,104,images/profiles/ap/fd/tour-de-france-2015-stage-14-profile-n2-aa2d891c9a.jpg,178.5
Tour,2015,19/07, 15,Mende - Valence (183 km),1993,53,2,images/profiles/ap/de/tour-de-france-2015-stage-15-profile-n2-449d483b42.jpg,183.0
Tour,2015,20/07, 16,Bourg-de-Péage - Gap (201 km),2322,89,66,images/profiles/ap/ea/tour-de-france-2015-stage-16-profile-n2-6e9da4b13c.jpg,201.0
Tour,2015,22/07, 17,Digne-Les-Bains - Pra-Loup (161 km),4208,253,109,images/profiles/ap/fc/tour-de-france-2015-stage-17-profile-n2-4afcef2a40.jpg,161.0
Tour,2015,23/07, 18,Gap - Saint-Jean-de-Maurienne (186.5 km),4424,260,61,images/profiles/ap/bd/tour-de-france-2015-stage-18-profile-n2-5da6f6b566.jpg,186.5
Tour,2015,24/07, 19,Saint-Jean-de-Maurienne - La Toussuire - Les Sybelles (138 km),4545,376,169,images/profiles/ap/bc/tour-de-france-2015-stage-19-profile-n2-08fbefd8ce.jpg,138.0
Tour,2015,25/07, 20,Modane - l'Alpe d'Huez (110.5 km),3164,332,215,images/profiles/ap/ed/tour-de-france-2015-stage-20-profile-n2-584fd28c04.jpg,110.5
Tour,2015,26/07, 21,Sèvres - Paris (109.5 km),562,5,0,images/profiles/ap/ea/tour-de-france-2015-stage-21-profile-n2-8569f51f3f.jpg,109.5
Tour,2015,26/07,General classification,-  (0 km),,,,images/profiles/ap/cc/tour-de-france-2015-gc-profile-d74c4d1669.jpg,0.0
Tour,2016,02/07, 1,Mont-Saint-Michel - Utah Beach Sainte-Marie-du-Mont (188 km),1071,10,1,images/profiles/ap/ed/tour-de-france-2016-stage-1-profile-n2-91d779fad1.jpg,188.0
Tour,2016,03/07, 2,Saint-Lô - Cherbourg (183 km),1985,70,32,images/profiles/ap/ce/tour-de-france-2016-stage-2-profile-n2-088683f768.jpg,183.0
Tour,2016,04/07, 3,Granville - Angers (223.5 km),1975,20,1,images/profiles/ap/bd/tour-de-france-2016-stage-3-profile-n2-77c2655993.jpg,223.5
Tour,2016,05/07, 4,Saumur  - Limoges (237.5 km),1934,47,23,images/profiles/ap/cc/tour-de-france-2016-stage-4-profile-n2-997d6d386d.jpg,237.5
Tour,2016,06/07, 5,Limoges - Le Lioran (216 km),4105,225,113,images/profiles/ap/fb/tour-de-france-2016-stage-5-profile-n2-219ebcde99.jpg,216.0
Tour,2016,07/07, 6,Arpajon-sur-Cère - Montauban (190.5 km),2025,47,0,images/profiles/ap/db/tour-de-france-2016-stage-6-profile-n2-091691a35c.jpg,190.5
Tour,2016,08/07, 7,l'Isle-Jourdain - Lac de Payolle (162.5 km),2578,176,153,images/profiles/ap/fb/tour-de-france-2016-stage-7-profile-n2-3c9be6645f.jpg,162.5
Tour,2016,09/07, 8,Pau - Bagnères-de-Luchon (184 km),4597,302,107,images/profiles/ap/fd/tour-de-france-2016-stage-8-profile-n2-7d388b1422.jpg,184.0
Tour,2016,10/07, 9,Vielha val d'Aran - Andorra Arcalis (184 km),4948,366,172,images/profiles/ap/ee/tour-de-france-2016-stage-9-profile-n2-b3c47bae5f.jpg,184.0
Tour,2016,12/07, 10,Escaldes-Engordany - Revel (197 km),2432,80,27,images/profiles/ap/ca/tour-de-france-2016-stage-10-profile-n2-873e8235b1.jpg,197.0
Tour,2016,13/07, 11,Carcassonne - Montpellier (162.5 km),1381,24,2,images/profiles/ap/ce/tour-de-france-2016-stage-11-profile-n2-0b041d1db3.jpg,162.5
Tour,2016,14/07, 12,Montpellier - Chalet-Reynard Mont Ventoux (178 km),2416,268,221,images/profiles/ap/df/tour-de-france-2016-stage-12-profile-n2-881d46ef52.jpg,178.0
Tour,2016,15/07, 13 (ITT),Bourg-Saint-Andeol - Le Caverne de Pont d'Arc (37.5 km),752,54,31,images/profiles/ap/bb/tour-de-france-2016-stage-13-profile-n2-3abb484ff2.jpg,37.5
Tour,2016,16/07, 14,Montélimar - Villars-les-Dombes Parc des Oiseaux (208.5 km),1958,30,4,images/profiles/ap/dd/tour-de-france-2016-stage-14-profile-n2-eae2679527.jpg,208.5
Tour,2016,17/07, 15,Bourg-en-Bresse - Culoz (159 km),4386,286,113,images/profiles/ap/ec/tour-de-france-2016-stage-15-profile-n2-c58950a5e0.jpg,159.0
Tour,2016,18/07, 16,Moirans-en-Montagne - Berne (209 km),1967,48,28,images/profiles/ap/fb/tour-de-france-2016-stage-16-profile-n3-43524d6764.jpg,209.0
Tour,2016,20/07, 17,Berne - Finhaut-Emosson (184.5 km),3891,359,269,images/profiles/ap/bd/tour-de-france-2016-stage-17-profile-n2-37efaec7fe.jpg,184.5
Tour,2016,21/07, 18 (ITT),Sallanches - Megève (17 km),676,104,104,images/profiles/ap/ac/tour-de-france-2016-stage-18-profile-n2-7b46116162.jpg,17.0
Tour,2016,22/07, 19,Albertville - Saint-Gervais Mont Blanc (146 km),4436,337,160,images/profiles/ap/ec/tour-de-france-2016-stage-19-profile-n2-583f07c399.jpg,146.0
Tour,2016,23/07, 20,Megève - Morzine (146.5 km),4127,314,170,images/profiles/ap/fb/tour-de-france-2016-stage-20-profile-n2-be74d565fc.jpg,146.5
Tour,2016,24/07, 21,Chantilly - Paris (113 km),713,7,0,images/profiles/ap/ec/tour-de-france-2016-stage-21-profile-n2-fc7d7d22dc.jpg,113.0
Tour,2016,24/07,General classification,-  (0 km),,,,images/profiles/ap/dd/tour-de-france-2016-gc-profile-1af4dce26b.jpg,0.0
Tour,2017,01/07, 1 (ITT),Düsseldorf - Düsseldorf (14 km),61,1,1,images/profiles/ap/ad/tour-de-france-2017-stage-1-profile-n2-6daeba3cbf.jpg,14.0
Tour,2017,02/07, 2,Düsseldorf - Liège (203.5 km),1278,25,9,images/profiles/ap/fa/tour-de-france-2017-stage-2-profile-n3-2666abece8.jpg,203.5
Tour,2017,03/07, 3,Verviers - Longwy (212.5 km),2706,77,35,images/profiles/ap/ce/tour-de-france-2017-stage-3-profile-n2-d799906929.jpg,212.5
Tour,2017,04/07, 4,Mondorf-les-Bains - Vittel (207.5 km),1404,24,4,images/profiles/ap/cc/tour-de-france-2017-stage-4-profile-n2-26eab8ba0d.jpg,207.5
Tour,2017,05/07, 5,Vittel - La Planche des Belles Filles (160.5 km),2348,151,116,images/profiles/ap/fd/tour-de-france-2017-stage-5-profile-n2-d465ca81b0.jpg,160.5
Tour,2017,06/07, 6,Vesoul - Troyes (216 km),1735,29,4,images/profiles/ap/ce/tour-de-france-2017-stage-6-profile-n2-ec084f1a03.jpg,216.0
Tour,2017,07/07, 7,Troyes - Nuits-Saint-Georges (213.5 km),1578,20,1,images/profiles/ap/df/tour-de-france-2017-stage-7-profile-n2-936cd1dc42.jpg,213.5
Tour,2017,08/07, 8,Dole - Station des Rousses (187.5 km),3591,229,140,images/profiles/ap/ca/tour-de-france-2017-stage-8-profile-n3-e64f184675.jpg,187.5
Tour,2017,09/07, 9,Nantua - Chambéry (181.5 km),4696,275,9,images/profiles/ap/bd/tour-de-france-2017-stage-9-profile-n2-97a06cfd7d.jpg,181.5
Tour,2017,11/07, 10,Périgueux - Bergerac (178 km),1407,25,0,images/profiles/ap/bc/tour-de-france-2017-stage-10-profile-n2-c3cd37cb3d.jpg,178.0
Tour,2017,12/07, 11,Eymet - Pau (203.5 km),1163,15,6,images/profiles/ap/ac/tour-de-france-2017-stage-11-profile-n2-03a3fe27bf.jpg,203.5
Tour,2017,13/07, 12,Pau - Peyragudes (214.5 km),4903,375,167,images/profiles/ap/dc/tour-de-france-2017-stage-12-profile-n2-1a9747f961.jpg,214.5
Tour,2017,14/07, 13,Saint-Girons - Foix (101 km),2856,243,21,images/profiles/ap/ba/tour-de-france-2017-stage-13-profile-n2-f066ca46c1.jpg,101.0
Tour,2017,15/07, 14,Blagnac - Rodez (181.5 km),1786,85,31,images/profiles/ap/af/tour-de-france-2017-stage-14-profile-n2-eb5bc08eef.jpg,181.5
Tour,2017,16/07, 15,Laissac-Sévérac l'Église - Le Puy-en-Velay (189.5 km),3164,154,27,images/profiles/ap/aa/tour-de-france-2017-stage-15-profile-n2-9455074d30.jpg,189.5
Tour,2017,18/07, 16,Le Puy-en-Velay - Romans-sur-Isère (165 km),2033,47,10,images/profiles/ap/dc/tour-de-france-2017-stage-16-profile-n2-20a95f49e3.jpg,165.0
Tour,2017,19/07, 17,La Mure - Serre-Chevalier (183 km),5064,300,2,images/profiles/ap/ca/tour-de-france-2017-stage-17-profile-n2-f8c44f30fd.jpg,183.0
Tour,2017,20/07, 18,Briancon - Izoard (179.5 km),4059,338,235,images/profiles/ap/ec/tour-de-france-2017-stage-18-profile-n2-95df2fe931.jpg,179.5
Tour,2017,21/07, 19,Embrun - Salon-de-Provence (222.5 km),2613,59,0,images/profiles/ap/bd/tour-de-france-2017-stage-19-profile-n2-81d8691270.jpg,222.5
Tour,2017,22/07, 20 (ITT),Marseille - Marseille (22.5 km),160,22,22,images/profiles/ap/fe/tour-de-france-2017-stage-20-profile-n2-14ba490ddf.jpg,22.5
Tour,2017,23/07, 21,Montgeron - Paris (105 km),519,4,1,images/profiles/ap/de/tour-de-france-2017-stage-21-profile-n3-65b1cf19ff.jpg,105.0
Tour,2018,07/07, 1,Noirmoutier-en-l'Île -  Fontenay-le-Comte (201 km),454,2,0,images/profiles/ap/df/tour-de-france-2018-stage-1-profile-n2-9239a344f7.jpg,201.0
Tour,2018,08/07, 2,Mouilleron-Saint-Germain - La Roche-sur-Yon (182.5 km),1395,14,4,images/profiles/ap/dd/tour-de-france-2018-stage-2-profile-n2-056bd8c15f.jpg,182.5
Tour,2018,09/07, 3 (TTT),Cholet - Cholet (35.5 km),387,13,10,images/profiles/ap/ef/tour-de-france-2018-stage-3-profile-n2-689e527c7b.jpg,35.5
Tour,2018,10/07, 4,La Baule - Sarzeau (195 km),1155,14,0,images/profiles/ap/dc/tour-de-france-2018-stage-4-profile-n2-1d7880782b.jpg,195.0
Tour,2018,11/07, 5,Lorient - Quimper (204.5 km),2704,107,34,images/profiles/ap/ae/tour-de-france-2018-stage-5-profile-n2-a8192df0ed.jpg,204.5
Tour,2018,12/07, 6,Brest - Mûr de Bretagne (181 km),2027,95,73,images/profiles/ap/cd/tour-de-france-2018-stage-6-profile-n2-4a9c3005c5.jpg,181.0
Tour,2018,13/07, 7,Fougères - Chartres (231 km),2255,40,2,images/profiles/ap/aa/tour-de-france-2018-stage-7-profile-n2-7bfe4e3917.jpg,231.0
Tour,2018,14/07, 8,Dreux - Amiens Métropole (181 km),1284,17,3,images/profiles/ap/ad/tour-de-france-2018-stage-8-profile-n2-ccfb5b322c.jpg,181.0
Tour,2018,15/07, 9,Arras Citadelle - Roubaix (156.5 km),618,1,0,images/profiles/ap/de/tour-de-france-2018-stage-9-profile-n3-90bd2452f7.jpg,156.5
Tour,2018,17/07, 10,Annecy - Le Grand-Bornand (158.5 km),4254,320,108,images/profiles/ap/ad/tour-de-france-2018-stage-10-profile-n2-4e3735abcf.jpg,158.5
Tour,2018,18/07, 11,Albertville - La Rosière Espace San Bernardo (108.5 km),4093,349,160,images/profiles/ap/af/tour-de-france-2018-stage-11-profile-n2-de79b5c01a.jpg,108.5
Tour,2018,19/07, 12,Bourg-Saint-Maurice Les Arcs - Alpe d'Huez (175.5 km),5362,405,212,images/profiles/ap/ea/tour-de-france-2018-stage-12-profile-n2-09f7b98a4f.jpg,175.5
Tour,2018,20/07, 13,Bourg d'Oisans - Valence (169.5 km),1302,46,9,images/profiles/ap/fe/tour-de-france-2018-stage-13-profile-n3-2314bfdcf0.jpg,169.5
Tour,2018,21/07, 14,Saint-Paul-Trois-Châteaux - Mende (188 km),3365,189,79,images/profiles/ap/fe/tour-de-france-2018-stage-14-profile-n2-49a75aad16.jpg,188.0
Tour,2018,22/07, 15,Millau - Carcassonne (181 km),2917,118,0,images/profiles/ap/bc/tour-de-france-2018-stage-15-profile-n2-039fcee96c.jpg,181.0
Tour,2018,24/07, 16,Carcassonne - Bagnères-de-Luchon (218 km),3521,202,86,images/profiles/ap/fa/tour-de-france-2018-stage-16-profile-n2-2e2589c96c.jpg,218.0
Tour,2018,25/07, 17,Bagnères-de-Luchon - Col Du Portet (65 km),3274,428,263,images/profiles/ap/cd/tour-de-france-2018-stage-17-profile-n2-43510d0b8b.jpg,65.0
Tour,2018,26/07, 18,Trie-sur-Baïse - Pau (171 km),1312,34,7,images/profiles/ap/dc/tour-de-france-2018-stage-18-profile-n2-88742322dd.jpg,171.0
Tour,2018,27/07, 19,Lourdes  - Laruns (200.5 km),5046,290,40,images/profiles/ap/ef/tour-de-france-2018-stage-19-profile-n2-83f4def877.jpg,200.5
Tour,2018,28/07, 20 (ITT),Saint-Pée-sur-Nivelle - Espelette (31 km),543,46,39,images/profiles/ap/bb/tour-de-france-2018-stage-20-profile-n2-ec6e1aa453.jpg,31.0
Tour,2018,29/07, 21,Houilles - Paris (116 km),732,6,0,images/profiles/ap/fc/tour-de-france-2018-stage-21-profile-n2-d650f28812.jpg,116.0
Tour,2019,06/07, 1,Brussels - Brussels (194.5 km),1582,20,4,images/profiles/ap/cf/tour-de-france-2019-stage-1-profile-6ecae6df57.jpg,194.5
Tour,2019,07/07, 2 (TTT),Brussels - Brussels (27.6 km),267,7,7,images/profiles/ap/cc/tour-de-france-2019-stage-2-profile-23a0b09515.jpg,27.6
Tour,2019,08/07, 3,Binche - Épernay (215 km),2299,97,41,images/profiles/ap/dc/tour-de-france-2019-stage-3-profile-e357c386d7.jpg,215.0
Tour,2019,09/07, 4,Reims - Nancy (213.5 km),1555,32,20,images/profiles/ap/df/tour-de-france-2019-stage-4-profile-n4-7acb0e20cb.jpg,213.5
Tour,2019,10/07, 5,Saint-Dié-des-Vosges - Colmar (175.5 km),2325,132,55,images/profiles/ap/bb/tour-de-france-2019-stage-5-profile-d6c09bd043.jpg,175.5
Tour,2019,11/07, 6,Mulhouse - La Planche des Belles Filles (160.5 km),3944,329,208,images/profiles/ap/af/tour-de-france-2019-stage-6-profile-f59b54c4ec.jpg,160.5
Tour,2019,12/07, 7,Belfort - Chalon-sur-Saône (230 km),2367,36,1,images/profiles/ap/fb/tour-de-france-2019-stage-7-profile-5308171c12.jpg,230.0
Tour,2019,13/07, 8,Mâcon - Saint-Étienne (200 km),3844,189,41,images/profiles/ap/eb/tour-de-france-2019-stage-8-profile-1cae76d372.jpg,200.0
Tour,2019,14/07, 9,Saint-Étienne - Brioude (170.5 km),2717,114,49,images/profiles/ap/dc/tour-de-france-2019-stage-9-profile-89ddb942f2.jpg,170.5
Tour,2019,15/07, 10,Saint-Flour - Albi (217.5 km),3031,85,14,images/profiles/ap/ac/tour-de-france-2019-stage-10-profile-ba77c1e925.jpg,217.5
Tour,2019,17/07, 11,Albi - Toulouse (167 km),1827,43,16,images/profiles/ap/ed/tour-de-france-2019-stage-11-profile-673447dc0b.jpg,167.0
Tour,2019,18/07, 12,Toulouse - Bagnères-de-Bigorre (209.5 km),3088,177,0,images/profiles/ap/bd/tour-de-france-2019-stage-12-profile-00820efef1.jpg,209.5
Tour,2019,19/07, 13 (ITT),Pau - Pau (27.2 km),391,33,32,images/profiles/ap/dd/tour-de-france-2019-stage-13-profile-773e90035b.jpg,27.2
Tour,2019,20/07, 14,Tarbes - Col du Tourmalet (111 km),3376,359,252,images/profiles/ap/af/tour-de-france-2019-stage-14-profile-n3-92c88c99ce.jpg,111.0
Tour,2019,21/07, 15,Limoux - Foix Prat D'Albis (185 km),4345,365,173,images/profiles/ap/dd/tour-de-france-2019-stage-15-profile-bf11f3e083.jpg,185.0
Tour,2019,23/07, 16,Nîmes - Nîmes (177 km),1626,29,14,images/profiles/ap/db/tour-de-france-2019-stage-16-profile-622cc9e33e.jpg,177.0
Tour,2019,24/07, 17,Pont du Gard - Gap (200 km),2472,85,55,images/profiles/ap/bd/tour-de-france-2019-stage-17-profile-e8d59ddd8b.jpg,200.0
Tour,2019,25/07, 18,Embrun - Valloire (208 km),5215,232,56,images/profiles/ap/dc/tour-de-france-2019-stage-18-profile-7eb20a09b4.jpg,208.0
Tour,2019,26/07, 19,Saint-Jean-de-Maurienne - Tignes (89 km),2995,317,202,images/profiles/ap/cd/tour-de-france-2019-stage-19-profile-n2-ab6902e72b.jpg,89.0
Tour,2019,27/07, 20,Albertville - Val Thorens (59.5 km),2228,267,207,images/profiles/ap/bc/tour-de-france-2019-stage-20-profile-n3-a4c62d8615.jpg,59.5
Tour,2019,28/07, 21,Rambouillet - Paris (128 km),781,10,0,images/profiles/ap/af/tour-de-france-2019-stage-21-profile-af88a436ed.jpg,128.0
Tour,2020,29/08, 1,Nice - Nice (156 km),1597,46,0,images/profiles/ap/af/tour-de-france-2020-stage-1-profile-954979701e.jpg,156.0
Tour,2020,30/08, 2,Nice - Nice (185 km),4066,188,42,images/profiles/ap/fe/tour-de-france-2020-stage-2-profile-343417f975.jpg,185.0
Tour,2020,31/08, 3,Nice - Sisteron (198 km),3003,81,5,images/profiles/ap/eb/tour-de-france-2020-stage-3-profile-1663c1c952.jpg,198.0
Tour,2020,01/09, 4,Sisteron - Orcières-Merlette (160.5 km),3200,200,124,images/profiles/ap/dc/tour-de-france-2020-stage-4-profile-0235e91e85.jpg,160.5
Tour,2020,02/09, 5,Gap - Privas (183 km),1388,31,18,images/profiles/ap/aa/tour-de-france-2020-stage-5-profile-c40b958213.jpg,183.0
Tour,2020,03/09, 6,Le Teil - Mont Aigoual (191 km),3087,227,175,images/profiles/ap/ad/tour-de-france-2020-stage-6-finish-c52dcb1120.jpg,191.0
Tour,2020,04/09, 7,Millau - Lavaur (168 km),2011,47,2,images/profiles/ap/cb/tour-de-france-2020-stage-7-profile-d44aaffa92.jpg,168.0
Tour,2020,05/09, 8,Cazères - Loudenvielle (141 km),3821,295,112,images/profiles/ap/ba/tour-de-france-2020-stage-8-profile-048e8f27ac.jpg,141.0
Tour,2020,06/09, 9,Pau - Laruns (153 km),3500,239,118,images/profiles/ap/ba/tour-de-france-2020-stage-9-profile-a0d661ca1f.jpg,153.0
Tour,2020,08/09, 10,île d'Oléron Le Château-d'Oléron - Île de Ré Saint-Martin-de-Ré (168.5 km),531,2,0,images/profiles/ap/cb/tour-de-france-2020-stage-10-profile-6a06b6d5c6.jpg,168.5
Tour,2020,09/09, 11,Châtelaillon-Plage - Poitiers (166.5 km),1008,13,4,images/profiles/ap/ad/tour-de-france-2020-stage-11-profile-7f2c767b90.jpg,166.5
Tour,2020,10/09, 12,Chauvigny - Sarran (218 km),3389,142,26,images/profiles/ap/fa/tour-de-france-2020-stage-12-profile-2f78f3c955.jpg,218.0
Tour,2020,11/09, 13,Châtel-Guyon - Pas de Peyrol Le Puy Mary (191.5 km),4459,302,178,images/profiles/ap/ae/tour-de-france-2020-stage-13-profile-5003f55417.jpg,191.5
Tour,2020,12/09, 14,Clermont-Ferrand - Lyon (194 km),2646,73,17,images/profiles/ap/bd/tour-de-france-2020-stage-14-profile-95e66b54b4.jpg,194.0
Tour,2020,13/09, 15,Lyon - Grand Colombier (174.5 km),3724,390,223,images/profiles/ap/ff/tour-de-france-2020-stage-15-profile-09824c3245.jpg,174.5
Tour,2020,15/09, 16,La Tour-du-Pin - Villard-de-Lans (164 km),3903,250,68,images/profiles/ap/fb/tour-de-france-2020-stage-16-profile-ee102bc610.jpg,164.0
Tour,2020,16/09, 17,Grenoble - Méribel - Col de la Loze (170 km),4430,444,309,images/profiles/ap/ea/tour-de-france-2020-stage-17-profile-f5141a111c.jpg,170.0
Tour,2020,17/09, 18,Méribel - La Roche-sur-Foron (175 km),5166,314,39,images/profiles/ap/fa/tour-de-france-2020-stage-18-profile-27dd6ea5e6.jpg,175.0
Tour,2020,18/09, 19,Bourg-en-Bresse - Champagnole (166.5 km),2208,77,34,images/profiles/ap/ac/tour-de-france-2020-stage-19-profile-df4c691995.jpg,166.5
Tour,2020,19/09, 20 (ITT),Lure - La Planche des Belles Filles (36.2 km),962,135,133,images/profiles/ap/fd/tour-de-france-2020-stage-20-profile-n2-edebcaa25e.jpg,36.2
Tour,2020,20/09, 21,Mantes-la-Jolie - Paris (122 km),816,11,1,images/profiles/ap/fc/tour-de-france-2020-stage-21-profile-6ba49cb530.jpg,122.0
Tour,2021,26/06, 1,Brest - Landerneau (197.8 km),2843,109,55,images/profiles/ap/dd/tour-de-france-2021-stage-1-profile-4ddf622e3a.jpg,197.8
Tour,2021,27/06, 2,Perros-Guirec - Mûr-de-Bretagne Guerlédan (183.5 km),2210,102,67,images/profiles/ap/bd/tour-de-france-2021-stage-2-profile-219738c648.jpg,183.5
Tour,2021,28/06, 3,Lorient - Pontivy (182.9 km),1534,34,19,images/profiles/ap/ae/tour-de-france-2021-stage-3-profile-89756352a8.jpg,182.9
Tour,2021,29/06, 4,Redon - Fougères (150.4 km),1404,24,12,images/profiles/ap/cd/tour-de-france-2021-stage-4-profile-8bc194f3df.jpg,150.4
Tour,2021,30/06, 5 (ITT),Changé - Laval Espace Mayenne (27.2 km),356,17,12,images/profiles/ap/ee/tour-de-france-2021-stage-5-profile-b89e49b16a.jpg,27.2
Tour,2021,01/07, 6,Tours - Châteauroux (160.4 km),977,5,0,images/profiles/ap/ea/tour-de-france-2021-stage-6-profile-c8bc9f3b71.jpg,160.4
Tour,2021,02/07, 7,Vierzon - Le Creusot (249.1 km),3120,146,75,images/profiles/ap/bc/tour-de-france-2021-stage-7-profile-e698bff12c.jpg,249.1
Tour,2021,03/07, 8,Oyonnax - Le Grand-Bornand (150.8 km),3557,310,111,images/profiles/ap/ee/tour-de-france-2021-stage-8-profile-51bcea6e8a.jpg,150.8
Tour,2021,04/07, 9,Cluses - Tignes (144.9 km),4628,381,211,images/profiles/ap/ec/tour-de-france-2021-stage-9-profile-6f409128f0.jpg,144.9
Tour,2021,06/07, 10,Albertville - Valence (190.7 km),1488,29,2,images/profiles/ap/dd/tour-de-france-2021-stage-10-profile-4c049ebf6c.jpg,190.7
Tour,2021,07/07, 11,Sorgues - Malaucène (198.9 km),4671,282,47,images/profiles/ap/ed/tour-de-france-2021-stage-11-profile-n2-2f52e53a3a.jpg,198.9
Tour,2021,08/07, 12,Saint-Paul-Trois-Châteaux - Nîmes (159.4 km),2052,52,12,images/profiles/ap/bb/tour-de-france-2021-stage-12-profile-21a0f924a8.jpg,159.4
Tour,2021,09/07, 13,Nîmes - Carcassonne (219.9 km),2023,29,5,images/profiles/ap/ac/tour-de-france-2021-stage-13-profile-a3f225ae18.jpg,219.9
Tour,2021,10/07, 14,Carcassonne - Quillan (183.7 km),2877,125,55,images/profiles/ap/ed/tour-de-france-2021-stage-14-profile-n2-3577a3532a.jpg,183.7
Tour,2021,11/07, 15,Céret - Andorra la Vella (191.3 km),4572,234,101,images/profiles/ap/be/tour-de-france-2021-stage-15-profile-22005b0539.jpg,191.3
Tour,2021,13/07, 16,El Pas de la Casa  - Saint-Gaudens (169 km),3260,177,23,images/profiles/ap/ba/tour-de-france-2021-stage-16-profile-1f3718f18a.jpg,169.0
Tour,2021,14/07, 17,Muret - Saint-Lary-Soulan Col du Portet (178.4 km),4375,450,286,images/profiles/ap/fa/tour-de-france-2021-stage-17-profile-08285cbd2b.jpg,178.4
Tour,2021,15/07, 18,Pau - Luz Ardiden (129.7 km),3561,367,197,images/profiles/ap/dc/tour-de-france-2021-stage-18-profile-9a791e0e54.jpg,129.7
Tour,2021,16/07, 19,Mourenx - Libourne (207 km),1181,16,2,images/profiles/ap/ce/tour-de-france-2021-stage-19-profile-9918cad69e.jpg,207.0
Tour,2021,17/07, 20 (ITT),Libourne - Saint-Émilion (30.8 km),246,8,8,images/profiles/ap/cb/tour-de-france-2021-stage-20-profile-1a0990a2a6.jpg,30.8
Tour,2021,18/07, 21,Chatou - Paris Champs-Élysées (108.4 km),699,14,1,images/profiles/ap/bb/tour-de-france-2021-stage-21-profile-f21c1219ce.jpg,108.4
Tour,2022,01/07, 1 (ITT),Copenhagen - Copenhagen (13.2 km),21,0,0,images/profiles/ap/da/tour-de-france-2022-stage-1-profile-0177672e52.jpg,13.2
Tour,2022,02/07, 2,Roskilde - Nyborg (202.2 km),1149,11,3,images/profiles/ap/ab/tour-de-france-2022-stage-2-profile-e749fe2429.jpg,202.2
Tour,2022,03/07, 3,Vejle - Sønderborg (182 km),1280,16,3,images/profiles/ap/ca/tour-de-france-2022-stage-3-profile-de0f929ee1.jpg,182.0
Tour,2022,05/07, 4,Dunkerque - Calais (171.5 km),1785,63,16,images/profiles/ap/cd/tour-de-france-2022-stage-4-profile-0c1dbffc40.jpg,171.5
Tour,2022,06/07, 5,Lille - Wallers-Arenberg (157 km),601,1,0,images/profiles/ap/de/tour-de-france-2022-stage-5-profile-n2-c16931bf25.jpg,157.0
Tour,2022,07/07, 6,Binche - Longwy (219.9 km),2477,85,57,images/profiles/ap/fd/tour-de-france-2022-stage-6-profile-958222bd28.jpg,219.9
Tour,2022,08/07, 7,Tomblaine - La Super Planche des Belles Filles (176.3 km),2526,192,150,images/profiles/ap/cc/tour-de-france-2022-stage-7-profile-e2afa23cb7.jpg,176.3
Tour,2022,09/07, 8,Dole - Lausanne (186.3 km),2556,87,37,images/profiles/ap/db/tour-de-france-2022-stage-8-profile-fe7b925009.jpg,186.3
Tour,2022,10/07, 9,Aigle - Châtel les portes du Soleil (192.9 km),3743,223,141,images/profiles/ap/ea/tour-de-france-2022-stage-9-profile-dabbaa6c83.jpg,192.9
Tour,2022,12/07, 10,Morzine - Megève (148.1 km),2733,143,101,images/profiles/ap/ad/tour-de-france-2022-stage-10-profile-2ce07824c7.jpg,148.1
Tour,2022,13/07, 11,Albertville - Col du Granon (151.7 km),4070,400,231,images/profiles/ap/ac/tour-de-france-2022-stage-11-profile-2015e08c61.jpg,151.7
Tour,2022,14/07, 12,Briançon - L'Alpe d'Huez (165.1 km),4660,389,226,images/profiles/ap/ec/tour-de-france-2022-stage-12-profile-449d483b42.jpg,165.1
Tour,2022,15/07, 13,Bourg d'Oisans - Saint-Etienne (192.6 km),2109,78,14,images/profiles/ap/bf/tour-de-france-2022-stage-13-profile-f9384c67a0.jpg,192.6
Tour,2022,16/07, 14,Saint-Etienne - Mende (192.5 km),3441,170,77,images/profiles/ap/be/tour-de-france-2022-stage-14-profile-cb80e1d353.jpg,192.5
Tour,2022,17/07, 15,Rodez - Carcassonne (202.5 km),2416,64,1,images/profiles/ap/aa/tour-de-france-2022-stage-15-profile-99998394c6.jpg,202.5
Tour,2022,19/07, 16,Carcassonne - Foix (178.5 km),3418,204,24,images/profiles/ap/ef/tour-de-france-2022-stage-16-profile-02d3bab78d.jpg,178.5
Tour,2022,20/07, 17,Saint-Gaudens - Peyragudes (129.7 km),3364,324,182,images/profiles/ap/bf/tour-de-france-2022-stage-17-profile-0d512d2d01.jpg,129.7
Tour,2022,21/07, 18,Lourdes - Hautacam (143.2 km),4036,408,210,images/profiles/ap/ca/tour-de-france-2022-stage-18-profile-1122c5be36.jpg,143.2
Tour,2022,22/07, 19,Castelnau-Magnoac - Cahors (188.3 km),1316,35,9,images/profiles/ap/dc/tour-de-france-2022-stage-19-profile-595e66377e.jpg,188.3
Tour,2022,23/07, 20 (ITT),Lacapelle-Marival - Rocamadour (40.7 km),434,39,37,images/profiles/ap/ba/tour-de-france-2022-stage-20-profile-8f75033417.jpg,40.7
Tour,2022,24/07, 21,Paris La Défense - Paris Champs-Élysées (115.6 km),748,13,1,images/profiles/ap/fd/tour-de-france-2022-stage-21-profile-4dd54cea5f.jpg,115.6
Tour,2023,01/07, 1,Bilbao - Bilbao (182 km),3221,166,52,images/profiles/ap/ba/tour-de-france-2023-stage-1-profile-n3-c3405fabea.jpg,182.0
Tour,2023,02/07, 2,Vitoria-Gasteiz - San Sébastián (208.9 km),2949,141,63,images/profiles/ap/df/tour-de-france-2023-stage-2-profile-n2-e1b299f787.png,208.9
Tour,2023,03/07, 3,Amorebieta-Etxano - Bayonne (193.5 km),2667,68,19,images/profiles/ap/cb/tour-de-france-2023-stage-3-profile-n3-cbb76fb24e.jpg,193.5
Tour,2023,04/07, 4,Dax - Nogaro (181.8 km),1427,20,2,images/profiles/ap/ab/tour-de-france-2023-stage-4-profile-n2-9aec70c10c.png,181.8
Tour,2023,05/07, 5,Pau - Laruns (162.7 km),3652,239,123,images/profiles/ap/fd/tour-de-france-2023-stage-5-profile-n2-bd30d817a1.png,162.7
Tour,2023,06/07, 6,Tarbes - Cauterets-Cambasque (144.9 km),3894,310,160,images/profiles/ap/ab/tour-de-france-2023-stage-6-profile-n2-5c858b8935.png,144.9
Tour,2023,07/07, 7,Mont-de-Marsan - Bordeaux (169.9 km),808,7,1,images/profiles/ap/ed/tour-de-france-2023-stage-7-profile-n2-1cb667cb38.png,169.9
Tour,2023,08/07, 8,Libourne - Limoges (200.7 km),1996,61,23,images/profiles/ap/dd/tour-de-france-2023-stage-8-profile-n2-100bf20cf4.png,200.7
Tour,2023,09/07, 9,Saint-Léonard-de-Noblat - Puy de Dôme (182.4 km),3441,273,221,images/profiles/ap/ba/tour-de-france-2023-stage-9-profile-n2-ab26f4f98f.png,182.4
Tour,2023,11/07, 10,Vulcania - Issoire (167.2 km),3151,118,7,images/profiles/ap/fc/tour-de-france-2023-stage-10-profile-n2-d92f4adf6d.png,167.2
Tour,2023,12/07, 11,Clermont-Ferrand - Moulins (179.3 km),1873,34,1,images/profiles/ap/ea/tour-de-france-2023-stage-11-profile-n2-2ad8118573.png,179.3
Tour,2023,13/07, 12,Roanne - Belleville-en-Beaujolais (168.8 km),3120,147,13,images/profiles/ap/ce/tour-de-france-2023-stage-12-profile-n2-a812fc6f13.png,168.8
Tour,2023,14/07, 13,Châtillon-Sur-Chalaronne - Grand Colombier (137.8 km),2413,260,228,images/profiles/ap/bc/tour-de-france-2023-stage-13-profile-n2-d93ec49f4d.png,137.8
Tour,2023,15/07, 14,Annemasse - Morzine les Portes du Soleil (151.8 km),4281,308,170,images/profiles/ap/fc/tour-de-france-2023-stage-14-profile-n2-d968233903.png,151.8
Tour,2023,16/07, 15,Les Gets les Portes du Soleil - Saint-Gervais Mont-Blanc (179 km),4483,335,177,images/profiles/ap/cb/tour-de-france-2023-stage-15-profile-n2-27ee1c46c8.png,179.0
Tour,2023,18/07, 16 (ITT),Passy - Combloux (22.4 km),636,109,109,images/profiles/ap/fe/tour-de-france-2023-stage-16-profile-n2-91ebade59e.png,22.4
Tour,2023,19/07, 17,Saint-Gervais Mont-Blanc - Courchevel (165.7 km),5399,445,205,images/profiles/ap/ff/tour-de-france-2023-stage-17-profile-n2-6c30980178.png,165.7
Tour,2023,20/07, 18,Moûtiers - Bourg-en-Bresse (184.9 km),1216,18,6,images/profiles/ap/bf/tour-de-france-2023-stage-18-profile-n2-01fa12020b.png,184.9
Tour,2023,21/07, 19,Moirans-en-Montagne - Poligny (172.8 km),1934,50,3,images/profiles/ap/ee/tour-de-france-2023-stage-19-profile-n2-ffcd916934.png,172.8
Tour,2023,22/07, 20,Belfort - Le Markstein (133.5 km),3471,303,131,images/profiles/ap/cd/tour-de-france-2023-stage-20-profile-n2-a02df57763.png,133.5
Tour,2023,23/07, 21,Saint-Quentin-en-Yvelines - Paris (115.1 km),577,14,1,images/profiles/ap/fd/tour-de-france-2023-stage-21-profile-n2-44709f2336.png,115.1
Tour,2024,29/06, 1,Firenze - Rimini (206 km),3821,176,0,images/profiles/ap/fa/tour-de-france-2024-stage-1-sprint-bd941532ab.jpg,206.0
Tour,2024,30/06, 2,Cesenatico - Bologna (199.2 km),1859,109,40,images/profiles/ap/da/tour-de-france-2024-stage-2-sprint-3446982653.jpg,199.2
Tour,2024,01/07, 3,Piacenza - Torino (230.8 km),1190,16,0,images/profiles/ap/df/tour-de-france-2024-stage-3-climb-4ee269893b.jpg,230.8
Tour,2024,02/07, 4,Pinerolo - Valloire (139.6 km),3904,187,56,images/profiles/ap/dc/tour-de-france-2024-stage-4-sprint-9965e52810.jpg,139.6
Tour,2024,03/07, 5,Saint-Jean-de-Maurienne - Saint Vulbas (177.4 km),1126,25,5,images/profiles/ap/bb/tour-de-france-2024-stage-5-final-km-a1c79461bd.jpg,177.4
Tour,2024,04/07, 6,Mâcon - Dijon (163.5 km),881,7,1,images/profiles/ap/fa/tour-de-france-2024-stage-6-profile-6b96d0a92d.jpg,163.5
Tour,2024,05/07, 7 (ITT),Nuits-Saint-Georges - Gevrey-Chambertin (25.3 km),283,13,13,images/profiles/ap/bc/tour-de-france-2024-stage-7-climb-a63ea153a4.jpg,25.3
Tour,2024,06/07, 8,Semur-en-Auxois - Colombey-les-Deux-Eglises (183.4 km),2334,63,13,images/profiles/ap/bc/tour-de-france-2024-stage-8-profile-789f6c7080.jpg,183.4
Tour,2024,07/07, 9,Troyes - Troyes (199 km),2012,30,1,images/profiles/ap/df/tour-de-france-2024-stage-9-profile-baefffaef4.jpg,199.0
Tour,2024,09/07, 10,Orléans - Saint-Amand-Montrond (187.3 km),888,6,3,images/profiles/ap/be/tour-de-france-2024-stage-10-final-km-410b9c0911.jpg,187.3
Tour,2024,10/07, 11,Évaux-les-Bains - Le Lioran (211 km),4177,241,93,images/profiles/ap/af/tour-de-france-2024-stage-11-final-km-b532f4f306.jpg,211.0
Tour,2024,11/07, 12,Aurillac - Villeneuve-sur-Lot (203.6 km),2253,53,8,images/profiles/ap/bb/tour-de-france-2024-stage-12-profile-7fe3a683c0.jpg,203.6
Tour,2024,12/07, 13,Agen - Pau (165.3 km),1884,53,15,images/profiles/ap/be/tour-de-france-2024-stage-13-climb-2cdae73a27.jpg,165.3
Tour,2024,13/07, 14,Pau - Saint-Lary-Soulan Pla d'Adet (151.9 km),4050,340,193,images/profiles/ap/cb/tour-de-france-2024-stage-14-5ed856d398.jpg,151.9
Tour,2024,14/07, 15,Loudenvielle - Plateau de Beille (197.7 km),5071,366,215,images/profiles/ap/ca/tour-de-france-2024-stage-15-climb-af02c24dcb.jpg,197.7
Tour,2024,16/07, 16,Gruissan - Nîmes (188.6 km),1176,15,0,images/profiles/ap/dc/tour-de-france-2024-stage-16-climb-0a726ea939.jpg,188.6
Tour,2024,17/07, 17,Saint-Paul-Trois-Châteaux - Superdévoluy (177.8 km),3091,177,120,images/profiles/ap/cd/tour-de-france-2024-stage-17-profile-e2b641ae89.jpg,177.8
Tour,2024,18/07, 18,Gap - Barcelonnette (179.5 km),3123,101,15,images/profiles/ap/ff/tour-de-france-2024-stage-18-climb-bb6008fed4.jpg,179.5
Tour,2024,19/07, 19,Embrun - Isola 2000 (144.6 km),4512,275,155,images/profiles/ap/ed/tour-de-france-2024-stage-19-climb-606827d68c.jpg,144.6
Tour,2024,20/07, 20,Nice - Col de la Couillole (132.8 km),4748,380,218,images/profiles/ap/bf/tour-de-france-2024-stage-20-profile-1bb667aac8.jpg,132.8
Tour,2024,21/07, 21 (ITT),Monaco - Nice (33.7 km),720,73,42,images/profiles/ap/fb/tour-de-france-2024-stage-21-profile-ad88205d72.jpg,33.7
Vuelta,2015,22/08, 1 (TTT),Puerto Banús - Marbella (7.4 km),17,0,0,images/profiles/ap/ba/vuelta-a-espana-2015-stage-1-profile-n2-fdeb3d6b36.jpg,7.4
Vuelta,2015,23/08, 2,Alhaurín de la Torre - Caminito del Rey (158.7 km),2597,147,94,images/profiles/ap/ac/vuelta-a-espana-2015-stage-2-profile-n2-2abec724ce.jpg,158.7
Vuelta,2015,24/08, 3,Mijas - Málaga (158.4 km),2613,104,41,images/profiles/ap/da/vuelta-a-espana-2015-stage-3-profile-n2-08e01a440a.jpg,158.4
Vuelta,2015,25/08, 4,Estepona - Vejer de la Frontera (209.6 km),2141,83,55,images/profiles/ap/fa/vuelta-a-espana-2015-stage-4-profile-n2-5fdaf899f8.jpg,209.6
Vuelta,2015,26/08, 5,Rota - Alcalá de Guadaíra (167.3 km),816,9,5,images/profiles/ap/bc/vuelta-a-espana-2015-stage-5-profile-n2-add38bad54.jpg,167.3
Vuelta,2015,27/08, 6,Córdoba - Sierra de Cazorla (200.3 km),2908,112,68,images/profiles/ap/cd/vuelta-a-espana-2015-stage-6-profile-n2-1a1d2f12f7.jpg,200.3
Vuelta,2015,28/08, 7,Jódar - La Alpujarra Capileira (191.1 km),3318,204,161,images/profiles/ap/db/vuelta-a-espana-2015-stage-7-profile-n2-771464a988.jpg,191.1
Vuelta,2015,29/08, 8,Puebla de Don Fadrique - Murcia (182.5 km),1386,83,44,images/profiles/ap/ad/vuelta-a-espana-2015-stage-8-profile-n2-060dfec7c9.jpg,182.5
Vuelta,2015,30/08, 9,Torrevieja - Cumbre del Sol. Benitachell (168.3 km),2044,139,80,images/profiles/ap/bf/vuelta-a-espana-2015-stage-9-profile-n2-8b8b029f11.jpg,168.3
Vuelta,2015,31/08, 10,Valencia - Castellón   (146.6 km),1520,63,49,images/profiles/ap/fc/vuelta-a-espana-2015-stage-10-profile-n2-7eaa001352.jpg,146.6
Vuelta,2015,02/09, 11,Andorra la Vella - Cortals d'Encamp (138 km),5421,515,271,images/profiles/ap/db/vuelta-a-espana-2015-stage-11-profile-n3-6c86428df0.jpg,138.0
Vuelta,2015,03/09, 12,Escaldes-Engordany - Lleida (173 km),2174,62,3,images/profiles/ap/dc/vuelta-a-espana-2015-stage-12-profile-n2-a5843410ad.jpg,173.0
Vuelta,2015,04/09, 13,Calatayud - Tarazona (178 km),2673,78,0,images/profiles/ap/ff/vuelta-a-espana-2015-stage-13-profile-n2-09d828f4b7.jpg,178.0
Vuelta,2015,05/09, 14,Vitoria - Alto Campoo. Fuente del Chivo (215 km),3941,243,145,images/profiles/ap/dd/vuelta-a-espana-2015-stage-14-profile-n2-3573f8e575.jpg,215.0
Vuelta,2015,06/09, 15,Comillas - Sotres. Cabrales (175.8 km),3740,309,209,images/profiles/ap/ab/vuelta-a-espana-2015-stage-15-profile-n2-c495e798ae.jpg,175.8
Vuelta,2015,07/09, 16,Luarca - Ermita de Alba. Quiros (185 km),5207,484,303,images/profiles/ap/cd/vuelta-a-espana-2015-stage-16-profile-n2-d024987cef.jpg,185.0
Vuelta,2015,09/09, 17 (ITT),Burgos - Burgos (38.7 km),328,17,12,images/profiles/ap/cd/vuelta-a-espana-2015-stage-17-profile-n2-b6302de161.jpg,38.7
Vuelta,2015,10/09, 18,Roa - Riaza (204 km),3218,142,59,images/profiles/ap/bc/vuelta-a-espana-2015-stage-18-profile-n2-3f132f77d8.jpg,204.0
Vuelta,2015,11/09, 19,Medina del Campo - Ávila (185.8 km),2331,85,35,images/profiles/ap/dd/vuelta-a-espana-2015-stage-19-profile-n2-5e33b5ec23.jpg,185.8
Vuelta,2015,12/09, 20,San Lorenzo de El Escorial - Cercedilla (175.8 km),3812,187,59,images/profiles/ap/bc/vuelta-a-espana-2015-stage-20-profile-n2-543873eb2e.jpg,175.8
Vuelta,2015,13/09, 21,Alcalá de Henares - Madrid (98.8 km),726,6,3,images/profiles/ap/ed/vuelta-a-espana-2015-stage-21-profile-n2-74d5e21466.jpg,98.8
Vuelta,2016,20/08, 1 (TTT),Balneario Laias - Parque Náutico de Castrelo de Miño (27.8 km),362,14,11,images/profiles/ap/cf/vuelta-a-espana-2016-stage-1-profile-n2-83919e69fd.jpg,27.8
Vuelta,2016,21/08, 2,Ourense  - Baiona (160.8 km),2168,69,14,images/profiles/ap/ce/vuelta-a-espana-2016-stage-2-profile-n2-09302dc26e.jpg,160.8
Vuelta,2016,22/08, 3,Marín  - Dumbría. Mirador de Ézaro (176.4 km),2983,177,65,images/profiles/ap/db/vuelta-a-espana-2016-stage-3-profile-n2-4ef7bd7a9b.jpg,176.4
Vuelta,2016,23/08, 4,Betanzos  - San Andrés de Teixido Mirador Vixía de Herbeira (163.5 km),3196,180,111,images/profiles/ap/ae/vuelta-a-espana-2016-stage-4-profile-n2-6e30090b75.jpg,163.5
Vuelta,2016,24/08, 5,Viveiro - Lugo (171.3 km),2467,73,14,images/profiles/ap/bc/vuelta-a-espana-2016-stage-5-profile-n2-f1af5a4898.jpg,171.3
Vuelta,2016,25/08, 6,Monforte de Lemos - Luintra. Ribera Sacra  (163.2 km),2824,159,66,images/profiles/ap/ba/vuelta-a-espana-2016-stage-6-profile-n2-1650707a09.jpg,163.2
Vuelta,2016,26/08, 7,Maceda - Puebla de Sanabria  (158.5 km),2616,104,21,images/profiles/ap/ea/vuelta-a-espana-2016-stage-7-profile-n2-7b9a618a53.jpg,158.5
Vuelta,2016,27/08, 8,Villalpando - La Camperona. Valle de Sabero (181.5 km),1279,119,118,images/profiles/ap/ef/vuelta-a-espana-2016-stage-8-profile-n2-e294f65b12.jpg,181.5
Vuelta,2016,28/08, 9,Cistierna  - Oviedo. Alto del Naranco (164.5 km),2780,193,123,images/profiles/ap/bf/vuelta-a-espana-2016-stage-9-profile-n2-a2878993ed.jpg,164.5
Vuelta,2016,29/08, 10,Lugones - Lagos de Covadonga (188.7 km),3899,319,201,images/profiles/ap/ec/vuelta-a-espana-2016-stage-10-profile-n2-9de03da296.jpg,188.7
Vuelta,2016,31/08, 11,Colunga. Museo Jurásico - Peña Cabarga (168.6 km),2351,160,127,images/profiles/ap/ba/vuelta-a-espana-2016-stage-11-profile-n2-65126b4a65.jpg,168.6
Vuelta,2016,01/09, 12,Los Corrales de Buelna - Bilbao (193.2 km),2996,143,57,images/profiles/ap/fe/vuelta-a-espana-2016-stage-12-profile-n2-70cb2e0911.jpg,193.2
Vuelta,2016,02/09, 13,Bilbao - Urdax-Dantxarinea (213.4 km),3716,160,37,images/profiles/ap/df/vuelta-a-espana-2016-stage-13-profile-n2-aa681df98f.jpg,213.4
Vuelta,2016,03/09, 14,Urdax-Dantxarinea  - Aubisque (196 km),5575,419,220,images/profiles/ap/cf/vuelta-a-espana-2016-stage-14-profile-n2-9ca8458f1a.jpg,196.0
Vuelta,2016,04/09, 15,Sabiñánigo - Sallent de Gállego. Aramón Formigal (118.5 km),3877,334,136,images/profiles/ap/bc/vuelta-a-espana-2016-stage-15-profile-n2-9d47f6c8c5.jpg,118.5
Vuelta,2016,05/09, 16,Alcañiz  - Peñíscola (156.4 km),1514,24,0,images/profiles/ap/fc/vuelta-a-espana-2016-stage-16-profile-n2-e8c46ba128.jpg,156.4
Vuelta,2016,07/09, 17,Castellón - Llucena. Camins del Penygolosa (177.5 km),3460,229,155,images/profiles/ap/cd/vuelta-a-espana-2016-stage-17-profile-n3-78394c354c.jpg,177.5
Vuelta,2016,08/09, 18,Requena - Gandía (200.6 km),2550,49,2,images/profiles/ap/dc/vuelta-a-espana-2016-stage-18-profile-n2-8934dd6f70.jpg,200.6
Vuelta,2016,09/09, 19 (ITT),Xàbia - Calp (37 km),446,19,11,images/profiles/ap/ee/vuelta-a-espana-2016-stage-19-profile-n2-5bf4866710.jpg,37.0
Vuelta,2016,10/09, 20,Benidorm - Alto de Aitana. Escuadrón Ejército del Aire (193.2 km),5036,349,219,images/profiles/ap/df/vuelta-a-espana-2016-stage-20-profile-n2-57f7ecf7a6.jpg,193.2
Vuelta,2016,11/09, 21,Las Rozas  - Madrid (104.1 km),847,10,3,images/profiles/ap/fb/vuelta-a-espana-2016-stage-21-profile-n2-24ade37755.jpg,104.1
Vuelta,2017,19/08, 1 (TTT),Nîmes - Nîmes (13.7 km),122,1,1,images/profiles/ap/ee/vuelta-a-espana-2017-stage-1-profile-n2-745ddda283.jpg,13.7
Vuelta,2017,20/08, 2,Nimes - Gruissan (203.4 km),588,5,2,images/profiles/ap/ab/vuelta-a-espana-2017-stage-2-profile-n2-60ac3c4512.jpg,203.4
Vuelta,2017,21/08, 3,Prades Conflent Canigó - Andorra la Vella (158.5 km),3623,244,83,images/profiles/ap/df/vuelta-a-espana-2017-stage-3-profile-n2-fb7d28cb33.jpg,158.5
Vuelta,2017,22/08, 4,Escaldes-Engordany - Tarragona  (198.2 km),1835,36,3,images/profiles/ap/ce/vuelta-a-espana-2017-stage-4-profile-n2-6f8761e65f.jpg,198.2
Vuelta,2017,23/08, 5,Benicàssim  - Alcossebre  (157.7 km),2909,156,83,images/profiles/ap/ce/vuelta-a-espana-2017-stage-5-profile-n2-c1ef6e8a9e.jpg,157.7
Vuelta,2017,24/08, 6,Vila-Real - Sagunt (204.4 km),2704,106,0,images/profiles/ap/db/vuelta-a-espana-2017-stage-6-profile-n2-72ca9e1a14.jpg,204.4
Vuelta,2017,25/08, 7,Llíria - Cuenca  (207 km),3034,81,28,images/profiles/ap/bc/vuelta-a-espana-2017-stage-7-profile-n2-31156bba08.jpg,207.0
Vuelta,2017,26/08, 8,Hellín - Xorret de Catí   (199.5 km),2593,163,118,images/profiles/ap/bc/vuelta-a-espana-2017-stage-8-profile-n2-b33b46276b.jpg,199.5
Vuelta,2017,27/08, 9,Orihuela  - Cumbre del Sol Alto de Puig Llorença (174 km),2041,151,85,images/profiles/ap/eb/vuelta-a-espana-2017-stage-9-profile-n2-e87285a3a2.jpg,174.0
Vuelta,2017,29/08, 10,Caravaca Jubilar - ElPozo Alimentación Alhama de Murcia (164.8 km),1568,106,20,images/profiles/ap/ac/vuelta-a-espana-2017-stage-10-profile-n2-b2fc651706.jpg,164.8
Vuelta,2017,30/08, 11,Lorca - Observatorio Astronómico de Calar Alto  (187.5 km),3878,296,161,images/profiles/ap/ea/vuelta-a-espana-2017-stage-11-profile-n2-a02a7093ed.jpg,187.5
Vuelta,2017,31/08, 12,Motril - Antequera Los Dólmenes  (160.1 km),2681,188,95,images/profiles/ap/aa/vuelta-a-espana-2017-stage-12-profile-n2-8c0b471423.jpg,160.1
Vuelta,2017,01/09, 13,Coín - Tomares (198.4 km),1938,39,9,images/profiles/ap/df/vuelta-a-espana-2017-stage-13-profile-n2-6959fba78e.jpg,198.4
Vuelta,2017,02/09, 14,Écija - Sierra de La Pandera (175 km),3723,285,213,images/profiles/ap/da/vuelta-a-espana-2017-stage-14-profile-n2-6ecf115cc9.jpg,175.0
Vuelta,2017,03/09, 15,Alcalá la Real - Sierra Nevada. Alto Hoya de la Mora (129.4 km),3549,367,215,images/profiles/ap/ef/vuelta-a-espana-2017-stage-15-profile-n2-1d9d724b9c.jpg,129.4
Vuelta,2017,05/09, 16 (ITT),Circuito de Navarra  - Logroño (40.2 km),411,22,18,images/profiles/ap/de/vuelta-a-espana-2017-stage-16-profile-n2-a2df5ff92d.jpg,40.2
Vuelta,2017,06/09, 17,Villadiego - Los Machucos. Monumento Vaca Pasiega (180.5 km),4022,328,231,images/profiles/ap/ab/vuelta-a-espana-2017-stage-17-profile-n2-d47a3640e9.jpg,180.5
Vuelta,2017,07/09, 18,Suances  - Santo Toribio de Liébana (169 km),3476,213,70,images/profiles/ap/eb/vuelta-a-espana-2017-stage-18-profile-n2-3da067679f.jpg,169.0
Vuelta,2017,08/09, 19,Caso. Parque Natural de Redes - Gijón (149.7 km),2484,134,56,images/profiles/ap/fb/vuelta-a-espana-2017-stage-19-profile-n2-f3987f4a39.jpg,149.7
Vuelta,2017,09/09, 20,Corvera de Asturias - Alto de l'Angliru (117.5 km),3817,504,365,images/profiles/ap/de/vuelta-a-espana-2017-stage-20-profile-n2-5aae4725d1.jpg,117.5
Vuelta,2017,10/09, 21,Arroyomolinos - Madrid (117.6 km),913,9,3,images/profiles/ap/ea/vuelta-a-espana-2017-stage-21-profile-n2-242bf48874.jpg,117.6
Vuelta,2018,25/08, 1 (ITT),Málaga - Málaga (8 km),66,6,6,images/profiles/ap/fc/vuelta-a-espana-2018-stage-1-profile-n2-f533fb9d8c.jpg,8.0
Vuelta,2018,26/08, 2,Marbella - Caminito del Rey   (163.5 km),2826,115,48,images/profiles/ap/fb/vuelta-a-espana-2018-stage-2-profile-n2-0cdb7ce20a.jpg,163.5
Vuelta,2018,27/08, 3,Mijas - Alhaurín de la Torre   (178.2 km),3160,114,13,images/profiles/ap/cc/vuelta-a-espana-2018-stage-3-profile-n2-88bf355320.jpg,178.2
Vuelta,2018,28/08, 4,Vélez-Málaga - Alfacar. Sierra de la Alfaguara   (161.4 km),3300,193,122,images/profiles/ap/db/vuelta-a-espana-2018-stage-4-profile-n2-c635137baf.jpg,161.4
Vuelta,2018,29/08, 5,Granada  - Roquetas de Mar   (188.7 km),3178,116,0,images/profiles/ap/ec/vuelta-a-espana-2018-stage-5-profile-n2-f42315ce22.jpg,188.7
Vuelta,2018,30/08, 6,Huércal-Overa - San Javier. Mar Menor   (155.7 km),1399,41,0,images/profiles/ap/fa/vuelta-a-espana-2018-stage-6-profile-n2-7f3e20f4b2.jpg,155.7
Vuelta,2018,31/08, 7,Puerto Lumbreras - Pozo Alcón   (185.7 km),2535,117,72,images/profiles/ap/cd/vuelta-a-espana-2018-stage-7-profile-n2-e104205248.jpg,185.7
Vuelta,2018,01/09, 8,Linares - Almadén   (195.1 km),2112,48,19,images/profiles/ap/af/vuelta-a-espana-2018-stage-8-profile-n2-7e563f2a14.jpg,195.1
Vuelta,2018,02/09, 9,Talavera de la Reina - La Covatilla   (200.8 km),4399,276,193,images/profiles/ap/fe/vuelta-a-espana-2018-stage-9-profile-n2-cba5a9cd4f.jpg,200.8
Vuelta,2018,04/09, 10,Salamanca. VIII Centenario Universidad de Salamanc - Fermoselle. Bermillo de Sayago  (177 km),1306,27,2,images/profiles/ap/ca/vuelta-a-espana-2018-stage-10-profile-d1793ad61d.jpg,177.0
Vuelta,2018,05/09, 11,Mombuey - Ribeira Sacra. Luintra   (207.8 km),3755,174,64,images/profiles/ap/ed/vuelta-a-espana-2018-stage-11-profile-77438da3f3.jpg,207.8
Vuelta,2018,06/09, 12,Mondoñedo - Faro de Estaca de Bares. Mañón   (181.1 km),3021,126,34,images/profiles/ap/da/vuelta-a-espana-2018-stage-12-profile-e440944fef.jpg,181.1
Vuelta,2018,07/09, 13,Candás. Carreño - Valle de Sabero. La Camperona   (174.8 km),3334,194,120,images/profiles/ap/ee/vuelta-a-espana-2018-stage-13-profile-548d7f7bef.jpg,174.8
Vuelta,2018,08/09, 14,Cistierna - Les Praeres. Nava   (171 km),3314,286,166,images/profiles/ap/ee/vuelta-a-espana-2018-stage-14-profile-21d9fa61e5.jpg,171.0
Vuelta,2018,09/09, 15,Ribera de Arriba - Lagos de Covadonga   (178.2 km),4586,390,216,images/profiles/ap/ed/vuelta-a-espana-2018-stage-15-profile-741cb4475e.jpg,178.2
Vuelta,2018,11/09, 16 (ITT),Santillana del Mar - Torrelavega   (32 km),501,29,21,images/profiles/ap/db/vuelta-a-espana-2018-stage-16-profile-a6c87667cd.jpg,32.0
Vuelta,2018,12/09, 17,Getxo - Balcón de Bizkaia   (157 km),3574,298,216,images/profiles/ap/bb/vuelta-a-espana-2018-stage-17-profile-2716969884.jpg,157.0
Vuelta,2018,13/09, 18,Ejea de los Caballeros - Lleida   (186.1 km),1040,12,4,images/profiles/ap/ca/vuelta-a-espana-2018-stage-18-profile-5658d4bbfe.jpg,186.1
Vuelta,2018,14/09, 19,Lleida  - Andorra. Naturlandia   (154.4 km),3183,239,178,images/profiles/ap/be/vuelta-a-espana-2018-stage-19-profile-27b7cf2b2a.jpg,154.4
Vuelta,2018,15/09, 20,Andorra. Escaldes-Engordany - Andorra. Collada de la Gallina (97.3 km),3429,341,176,images/profiles/ap/ca/vuelta-a-espana-2018-stage-20-profile-dfd3e6b032.jpg,97.3
Vuelta,2018,16/09, 21,Alcorcón - Madrid   (112.3 km),603,1,0,images/profiles/ap/ba/vuelta-a-espana-2018-stage-21-profile-9fb6c68881.jpg,112.3
Vuelta,2019,24/08, 1 (TTT),Salinas de Torrevieja - Torrevieja  (13.4 km),107,2,2,images/profiles/ap/bb/vuelta-a-espana-2019-stage-1-profile-n2-013a93e672.jpg,13.4
Vuelta,2019,25/08, 2,Benidorm - Calpe (199.6 km),3238,113,17,images/profiles/ap/fb/vuelta-a-espana-2019-stage-2-profile-c9a472c23a.jpg,199.6
Vuelta,2019,26/08, 3,Ibi. Ciudad del Juguete - Alicante (188 km),1730,65,12,images/profiles/ap/ce/vuelta-a-espana-2019-stage-3-profile-721cce69bc.jpg,188.0
Vuelta,2019,27/08, 4,Cullera - El Puig (175.5 km),1233,27,0,images/profiles/ap/bd/vuelta-a-espana-2019-stage-4-profile-acd5c479cb.jpg,175.5
Vuelta,2019,28/08, 5,L’Eliana - Observatorio Astrofísico de Javalambre  (170.7 km),3764,270,197,images/profiles/ap/ec/vuelta-a-espana-2019-stage-5-profile-4c67cf2e9b.jpg,170.7
Vuelta,2019,29/08, 6,Mora de Rubielos - Ares del Maestrat  (198.9 km),3294,151,63,images/profiles/ap/ee/vuelta-a-espana-2019-stage-6-profile-a55636b10a.jpg,198.9
Vuelta,2019,30/08, 7,Onda - Mas de la Costa (183.2 km),2842,242,161,images/profiles/ap/fd/vuelta-a-espana-2019-stage-7-profile-713752dfd5.jpg,183.2
Vuelta,2019,31/08, 8,Valls - Igualada (166.9 km),2291,95,14,images/profiles/ap/ed/vuelta-a-espana-2019-stage-8-profile-c1db15e3db.jpg,166.9
Vuelta,2019,01/09, 9,Andorra la Vella - Cortals d’Encamp  (94.4 km),3300,394,231,images/profiles/ap/bc/vuelta-a-espana-2019-stage-9-profile-17b2cdce20.jpg,94.4
Vuelta,2019,03/09, 10 (ITT),Jurançon - Pau (36.2 km),525,49,28,images/profiles/ap/fe/vuelta-a-espana-2019-stage-10-profile-n2-a2830a72af.jpg,36.2
Vuelta,2019,04/09, 11,Saint-Palais - Urdax-Dantxarinea (180 km),3168,137,26,images/profiles/ap/ba/vuelta-a-espana-2019-stage-11-profile-bb92837c6f.jpg,180.0
Vuelta,2019,05/09, 12,Circuito de Navarra - Bilbao (171.4 km),2072,160,72,images/profiles/ap/ec/vuelta-a-espana-2019-stage-12-profile-2a001881da.jpg,171.4
Vuelta,2019,06/09, 13,Bilbao - Los Machucos. Monumento Vaca Pasiega (166.4 km),4179,287,171,images/profiles/ap/aa/vuelta-a-espana-2019-stage-13-profile-8a5db4f2d6.jpg,166.4
Vuelta,2019,07/09, 14,San Vicente de la Barquer - Oviedo  (188 km),2432,63,12,images/profiles/ap/db/vuelta-a-espana-2019-stage-14-profile-55d1524ed5.jpg,188.0
Vuelta,2019,08/09, 15,Tineo - Santuario del Acebo (154.4 km),4114,368,194,images/profiles/ap/fe/vuelta-a-espana-2019-stage-15-profile-9345fb50be.jpg,154.4
Vuelta,2019,09/09, 16,Pravia - Alto de La Cubilla. Lena (144.4 km),4114,326,176,images/profiles/ap/cc/vuelta-a-espana-2019-stage-16-profile-9d03ae4ad9.jpg,144.4
Vuelta,2019,11/09, 17,Aranda de Duero - Guadalajara  (219.6 km),2395,57,16,images/profiles/ap/be/vuelta-a-espana-2019-stage-17-profile-d07193e887.jpg,219.6
Vuelta,2019,12/09, 18,Colmenar Viejo - Becerril de la Sierra  (178.2 km),3689,162,5,images/profiles/ap/ef/vuelta-a-espana-2019-stage-18-profile-e628aa24cb.jpg,178.2
Vuelta,2019,13/09, 19,Ávila - Toledo (165.2 km),1771,48,27,images/profiles/ap/da/vuelta-a-espana-2019-stage-19-profile-b5b33965cd.jpg,165.2
Vuelta,2019,14/09, 20,Arenas de San Pedro - Plataforma de Gredos (190.4 km),4559,242,94,images/profiles/ap/fe/vuelta-a-espana-2019-stage-20-profile-ac19ee3395.jpg,190.4
Vuelta,2019,15/09, 21,Fuenlabrada - Madrid (106.6 km),763,8,4,images/profiles/ap/df/vuelta-a-espana-2019-stage-21-profile-c2526b1290.jpg,106.6
Vuelta,2020,20/10, 1,Irún - Arrate (173 km),2975,209,148,images/profiles/ap/fa/vuelta-a-espana-2020-stage-1-profile-a3a27b6aa2.jpg,173.0
Vuelta,2020,21/10, 2,Pamplona - Lekunberri (151.6 km),2435,171,110,images/profiles/ap/ed/vuelta-a-espana-2020-stage-2-profile-01d674293f.jpg,151.6
Vuelta,2020,22/10, 3,Lodosa - La Laguna Negra de Vinuesa (166.1 km),2779,117,84,images/profiles/ap/ee/vuelta-a-espana-2020-stage-3-profile-ec81ad8bba.jpg,166.1
Vuelta,2020,23/10, 4,Garray - Ejea de los Caballeros (191.7 km),1160,15,7,images/profiles/ap/ec/vuelta-a-espana-2020-stage-4-profile-2065161662.jpg,191.7
Vuelta,2020,24/10, 5,Huesca - Sabiñanigo (184.4 km),3407,185,68,images/profiles/ap/cb/vuelta-a-espana-2020-stage-5-profile-1c0b4cae86.jpg,184.4
Vuelta,2020,25/10, 6,Biescas - Aramón Formigal (146.4 km),3020,185,107,images/profiles/ap/de/vuelta-a-espana-2020-stage-6-profile-9691653624.jpg,146.4
Vuelta,2020,27/10, 7,Vitoria-Gasteiz - Villanueva de Valdegovia (159.7 km),2657,142,73,images/profiles/ap/ba/vuelta-a-espana-2020-stage-7-profile-433c2b549d.jpg,159.7
Vuelta,2020,28/10, 8,Logroño - Alto de Moncalvillo (164 km),3021,249,196,images/profiles/ap/df/vuelta-a-espana-2020-stage-8-profile-cc83219f2c.jpg,164.0
Vuelta,2020,29/10, 9,Castrillo del Val - Aguilar de Campoo (157.7 km),1163,18,10,images/profiles/ap/bd/vuelta-a-espana-2020-stage-9-profile-279559f652.jpg,157.7
Vuelta,2020,30/10, 10,Castro Urdiales - Suances (185 km),2302,84,35,images/profiles/ap/db/vuelta-a-espana-2020-stage-10-profile-6a9e21c475.jpg,185.0
Vuelta,2020,31/10, 11,Villaviciosa - Alto de la Farrapona (170 km),5098,435,217,images/profiles/ap/ce/vuelta-a-espana-2020-stage-11-profile-74e6873628.jpg,170.0
Vuelta,2020,01/11, 12,Pola de Laviana - Alto de l'Angliru (109.4 km),3125,452,364,images/profiles/ap/da/vuelta-a-espana-2020-stage-12-profile-08568c5a32.jpg,109.4
Vuelta,2020,03/11, 13 (ITT),Muros - Mirador de Ézaro (33.7 km),536,65,62,images/profiles/ap/ab/vuelta-a-espana-2020-stage-13-profile-n2-ceb633f07c.jpg,33.7
Vuelta,2020,04/11, 14,Lugo - Ourense (204.7 km),3057,100,31,images/profiles/ap/ad/vuelta-a-espana-2020-stage-14-profile-3f2f22eecb.jpg,204.7
Vuelta,2020,05/11, 15,Mos - Puebla de Sanabria (230.8 km),4448,158,32,images/profiles/ap/ee/vuelta-a-espana-2020-stage-15-profile-230dadc982.jpg,230.8
Vuelta,2020,06/11, 16,Salamanca - Ciudad Rodrigo (162 km),2762,122,24,images/profiles/ap/bd/vuelta-a-espana-2020-stage-16-profile-n3-3c27e76dde.jpg,162.0
Vuelta,2020,07/11, 17,Sequeros - Alto de la Covatilla (178.2 km),4365,316,170,images/profiles/ap/dc/vuelta-a-espana-2020-stage-17-profile-c71406634b.jpg,178.2
Vuelta,2020,08/11, 18,Hipódromo de la Zarzuela - Madrid (139.6 km),1492,30,2,images/profiles/ap/ba/vuelta-a-espana-2020-stage-18-profile-n2-3f27c9a982.jpg,139.6
Vuelta,2021,14/08, 1 (ITT),Burgos - Burgos (7.1 km),87,9,9,images/profiles/ap/cc/vuelta-a-espana-2021-stage-1-profile-n2-0690a4252d.jpg,7.1
Vuelta,2021,15/08, 2,Caleruega - Burgos (166.7 km),1049,10,3,images/profiles/ap/db/vuelta-a-espana-2021-stage-2-profile-n2-a5f6e28cca.jpg,166.7
Vuelta,2021,16/08, 3,Santo Domingo de Silos - Picón Blanco (202.8 km),2787,232,205,images/profiles/ap/be/vuelta-a-espana-2021-stage-3-profile-n2-5b6da99a79.jpg,202.8
Vuelta,2021,17/08, 4,El Burgo de Osma - Molina de Aragón (163.9 km),1534,23,6,images/profiles/ap/cb/vuelta-a-espana-2021-stage-4-profile-n2-516362d80b.jpg,163.9
Vuelta,2021,18/08, 5,Tarancón - Albacete (184.4 km),640,2,0,images/profiles/ap/cd/vuelta-a-espana-2021-stage-5-profile-n2-eec1a27868.jpg,184.4
Vuelta,2021,19/08, 6,Requena - Alto de la Montaña de Cullera (158.3 km),902,50,40,images/profiles/ap/da/vuelta-a-espana-2021-stage-6-profile-n2-547a45102a.jpg,158.3
Vuelta,2021,20/08, 7,Gandía - Balcón de Alicante (152 km),3744,272,152,images/profiles/ap/df/vuelta-a-espana-2021-stage-7-profile-n2-80e256cfd6.jpg,152.0
Vuelta,2021,21/08, 8,Santa Pola - La Manga del Mar Menor (173.7 km),923,23,1,images/profiles/ap/aa/vuelta-a-espana-2021-stage-8-profile-n2-3e36d877a6.jpg,173.7
Vuelta,2021,22/08, 9,Puerto-Lumbreras - Alto de Velefique (188 km),4725,348,180,images/profiles/ap/ba/vuelta-a-espana-2021-stage-9-profile-n2-c50911793f.jpg,188.0
Vuelta,2021,24/08, 10,Roquetas de Mar - Rincón de la Victoria (189 km),2390,134,80,images/profiles/ap/fb/vuelta-a-espana-2021-stage-10-profile-n2-dda21a36fc.jpg,189.0
Vuelta,2021,25/08, 11,Antequera - Valdepeñas de Jaén (133.6 km),2647,155,80,images/profiles/ap/aa/vuelta-a-espana-2021-stage-11-profile-n2-bffe5173ff.jpg,133.6
Vuelta,2021,26/08, 12,Jaén - Córdoba (175 km),2018,107,51,images/profiles/ap/da/vuelta-a-espana-2021-stage-12-profile-n2-a030d66a0e.jpg,175.0
Vuelta,2021,27/08, 13,Belmez - Villanueva de la Serena (203.7 km),1645,22,0,images/profiles/ap/bf/vuelta-a-espana-2021-stage-13-profile-n2-e401a2f533.jpg,203.7
Vuelta,2021,28/08, 14,Don Benito - Pico Villuercas (165.7 km),3448,288,173,images/profiles/ap/fb/vuelta-a-espana-2021-stage-14-profile-n2-a2ba1703e7.jpg,165.7
Vuelta,2021,29/08, 15,Navalmoral de la Mata - El Barraco (197.5 km),3860,167,44,images/profiles/ap/ee/vuelta-a-espana-2021-stage-15-profile-n2-a17b1dade6.jpg,197.5
Vuelta,2021,31/08, 16,Laredo - Santa Cruz de Bezana (180 km),2279,81,28,images/profiles/ap/bb/vuelta-a-espana-2021-stage-16-profile-n2-959402c5d7.jpg,180.0
Vuelta,2021,01/09, 17,Unquera - Lagos de Covadonga (185.8 km),4519,366,218,images/profiles/ap/ee/vuelta-a-espana-2021-stage-17-profile-n2-d23919c24b.jpg,185.8
Vuelta,2021,02/09, 18,Salas - Altu d'El Gamoniteiru (162.6 km),4951,509,351,images/profiles/ap/bc/vuelta-a-espana-2021-stage-18-profile-n2-79b0fd6852.jpg,162.6
Vuelta,2021,03/09, 19,Tapia - Monforte de Lemos (191.2 km),3540,98,0,images/profiles/ap/ee/vuelta-a-espana-2021-stage-19-profile-n2-4133e16cb7.jpg,191.2
Vuelta,2021,04/09, 20,Sanxenxo - Mos. Castro de Herville (202.2 km),4214,251,109,images/profiles/ap/fa/vuelta-a-espana-2021-stage-20-profile-n2-cc18ed4f1a.jpg,202.2
Vuelta,2021,05/09, 21 (ITT),Padrón - Santiago de Compostela (33.8 km),641,56,50,images/profiles/ap/cd/vuelta-a-espana-2021-stage-21-profile-n2-e69624cb90.jpg,33.8
Vuelta,2022,19/08, 1 (TTT),Utrecht - Utrecht (23.3 km),31,0,0,images/profiles/ap/cf/vuelta-a-espana-2022-stage-1-profile-c13d96c256.jpg,23.3
Vuelta,2022,20/08, 2,'s-Hertogenbosch - Utrecht (175.1 km),518,10,1,images/profiles/ap/ce/vuelta-a-espana-2022-stage-2-profile-n2-6c9fd9a4e2.jpg,175.1
Vuelta,2022,21/08, 3,Breda - Breda (193.2 km),255,0,0,images/profiles/ap/da/vuelta-a-espana-2022-stage-3-profile-n2-e7a85de482.jpg,193.2
Vuelta,2022,23/08, 4,Vitoria-Gasteiz - Laguardia (152.5 km),2319,133,79,images/profiles/ap/dc/vuelta-a-espana-2022-stage-4-profile-n2-17c4bfb68c.jpg,152.5
Vuelta,2022,24/08, 5,Irún - Bilbao (187.2 km),2978,162,59,images/profiles/ap/ca/vuelta-a-espana-2022-stage-5-profile-n3-6b2e95f54a.jpg,187.2
Vuelta,2022,25/08, 6,Bilbao - Ascensión al Pico Jano. San Miguel de Aguayo (181.2 km),4120,294,152,images/profiles/ap/de/vuelta-a-espana-2022-stage-6-profile-n2-1f9f56fa93.jpg,181.2
Vuelta,2022,26/08, 7,Camargo - Cistierna (190 km),3359,112,4,images/profiles/ap/ca/vuelta-a-espana-2022-stage-7-profile-n2-3ab9f7ed51.jpg,190.0
Vuelta,2022,27/08, 8,La Pola Llaviana/Pola de Laviana - Colláu Fancuaya (153.4 km),3741,335,217,images/profiles/ap/aa/vuelta-a-espana-2022-stage-8-profile-n2-1a3a10c8b7.jpg,153.4
Vuelta,2022,28/08, 9,Villaviciosa - Les Praeres. Nava (171.4 km),3675,242,140,images/profiles/ap/da/vuelta-a-espana-2022-stage-9-profile-n2-84024375c4.jpg,171.4
Vuelta,2022,30/08, 10 (ITT),Elche - Alicante (30.9 km),179,4,4,images/profiles/ap/fc/vuelta-a-espana-2022-stage-10-profile-n2-92f4d1d013.jpg,30.9
Vuelta,2022,31/08, 11,ElPozo Alimentación - Cabo de Gata (191.2 km),1592,38,3,images/profiles/ap/ee/vuelta-a-espana-2022-stage-11-profile-n2-f308c145b5.jpg,191.2
Vuelta,2022,01/09, 12,Salobreña - Peñas Blancas. Estepona (192.7 km),3238,273,229,images/profiles/ap/fa/vuelta-a-espana-2022-stage-12-profile-n2-8b728e9205.jpg,192.7
Vuelta,2022,02/09, 13,Ronda - Montilla (168.4 km),1766,54,18,images/profiles/ap/ab/vuelta-a-espana-2022-stage-13-profile-n2-7d46d35c74.jpg,168.4
Vuelta,2022,03/09, 14,Montoro - Sierra de La Pandera (160.3 km),3312,278,210,images/profiles/ap/ca/vuelta-a-espana-2022-stage-14-profile-n2-c656716b13.jpg,160.3
Vuelta,2022,04/09, 15,Martos - Sierra Nevada (152.6 km),4033,407,257,images/profiles/ap/ce/vuelta-a-espana-2022-stage-15-profile-n3-35ece342c4.jpg,152.6
Vuelta,2022,06/09, 16,Sanlúcar de Barrameda - Tomares (189.4 km),1076,28,23,images/profiles/ap/ee/vuelta-a-espana-2022-stage-16-profile-n2-767c6ebbcd.jpg,189.4
Vuelta,2022,07/09, 17,Aracena - Monasterio de Tentudía (162.3 km),2755,161,115,images/profiles/ap/aa/vuelta-a-espana-2022-stage-17-profile-n2-4d3c7c5281.jpg,162.3
Vuelta,2022,08/09, 18,Trujillo - Alto del Piornal (192 km),3680,214,100,images/profiles/ap/ac/vuelta-a-espana-2022-stage-18-profile-n2-839771ad31.jpg,192.0
Vuelta,2022,09/09, 19,Talavera de la Reina - Talavera de la Reina (138.3 km),2278,101,5,images/profiles/ap/ca/vuelta-a-espana-2022-stage-19-profile-n2-9c075de66c.jpg,138.3
Vuelta,2022,10/09, 20,Moralzarzal - Puerto de Navacerrada (181 km),3977,216,79,images/profiles/ap/ae/vuelta-a-espana-2022-stage-20-profile-n3-9620947fc4.jpg,181.0
Vuelta,2022,11/09, 21,Las Rozas - Madrid (96.7 km),773,10,3,images/profiles/ap/da/vuelta-a-espana-2022-stage-21-profile-n2-970ce027b7.jpg,96.7
Vuelta,2023,26/08, 1 (TTT),Barcelona - Barcelona (14.8 km),60,0,0,images/profiles/ap/fc/vuelta-a-espana-2023-stage-1-profile-a7c0affbca.jpg,14.8
Vuelta,2023,27/08, 2,Mataró - Barcelona (181.8 km),2754,80,31,images/profiles/ap/cd/vuelta-a-espana-2023-stage-2-profile-c90509dc6b.jpg,181.8
Vuelta,2023,28/08, 3,Súria - Arinsal (158.5 km),3472,263,144,images/profiles/ap/eb/vuelta-a-espana-2023-stage-3-profile-2a4812bdb4.jpg,158.5
Vuelta,2023,29/08, 4,Andorra la Vella - Tarragona (184.6 km),1822,57,9,images/profiles/ap/dd/vuelta-a-espana-2023-stage-4-profile-a19c72cdc7.jpg,184.6
Vuelta,2023,30/08, 5,Morella - Burriana (186.2 km),2395,65,0,images/profiles/ap/ba/vuelta-a-espana-2023-stage-5-profile-c70ea594f1.jpg,186.2
Vuelta,2023,31/08, 6,La Vall d'Uixó  - Observatorio Astrofísico de Javalambre (183.1 km),4013,273,198,images/profiles/ap/ac/vuelta-a-espana-2023-stage-6-profile-df09dd9d1a.jpg,183.1
Vuelta,2023,01/09, 7,Utiel - Oliva (200.8 km),1144,12,0,images/profiles/ap/cd/vuelta-a-espana-2023-stage-7-profile-aa46b82c50.jpg,200.8
Vuelta,2023,02/09, 8,Dénia - Xorret de Catí. Costa Blanca Interior (165 km),3619,235,128,images/profiles/ap/ce/vuelta-a-espana-2023-stage-8-profile-c2e463e854.jpg,165.0
Vuelta,2023,03/09, 9,Cartagena - Collado de la Cruz de Caravaca (184.5 km),3041,162,110,images/profiles/ap/ac/vuelta-a-espana-2023-stage-9-profile-1da84ffc74.jpg,184.5
Vuelta,2023,05/09, 10 (ITT),Valladolid - Valladolid (25.8 km),115,5,5,images/profiles/ap/ea/vuelta-a-espana-2023-stage-10-profile-9e56480c41.jpg,25.8
Vuelta,2023,06/09, 11,Lerma - La Laguna Negra.Vinuesa (163.2 km),2203,112,91,images/profiles/ap/ad/vuelta-a-espana-2023-stage-11-profile-ecbcc95d4e.jpg,163.2
Vuelta,2023,07/09, 12,Ólvega - Zaragoza (150.6 km),865,11,0,images/profiles/ap/df/vuelta-a-espana-2023-stage-12-profile-17fcad861c.jpg,150.6
Vuelta,2023,08/09, 13,Formigal. Huesca la Magia  - Col du Tourmalet (134.7 km),4266,400,250,images/profiles/ap/fe/vuelta-a-espana-2023-stage-13-profile-4083093601.jpg,134.7
Vuelta,2023,09/09, 14,Sauveterre-de-Béarn - Larra-Belagua (156.2 km),4531,406,151,images/profiles/ap/dd/vuelta-a-espana-2023-stage-14-profile-dde91c4152.jpg,156.2
Vuelta,2023,10/09, 15,Pamplona - Lekunberri (158.3 km),2494,111,45,images/profiles/ap/bf/vuelta-a-espana-2023-stage-15-profile-9965701592.jpg,158.3
Vuelta,2023,12/09, 16,Liencres Playa - Bejes (120.1 km),2122,153,105,images/profiles/ap/ff/vuelta-a-espana-2023-stage-16-profile-a0dfab4e9d.jpg,120.1
Vuelta,2023,13/09, 17,Ribadesella/Ribeseya - Altu de L'Angliru (124.4 km),3269,464,382,images/profiles/ap/bc/vuelta-a-espana-2023-stage-17-profile-daa232cae6.jpg,124.4
Vuelta,2023,14/09, 18,Pola de Allande - La Cruz de Linares (178.9 km),4630,422,185,images/profiles/ap/cf/vuelta-a-espana-2023-stage-18-profile-b33fbb6a84.jpg,178.9
Vuelta,2023,15/09, 19,La Bañeza - Íscar (177.1 km),919,8,1,images/profiles/ap/ab/vuelta-a-espana-2023-stage-19-profile-cd8dcc226f.jpg,177.1
Vuelta,2023,16/09, 20,Manzanares El Real - Guadarrama (207.8 km),4361,186,45,images/profiles/ap/ff/vuelta-a-espana-2023-stage-20-profile-cf4a397ae9.jpg,207.8
Vuelta,2023,17/09, 21,Hipódromo de la Zarzuela - Madrid. Paisaje de la Luz (101.5 km),878,12,4,images/profiles/ap/ac/vuelta-a-espana-2023-stage-21-profile-3f8c74ad10.jpg,101.5
Vuelta,2024,17/08, 1 (ITT),Lisbon - Oeiras (12 km),55,1,1,images/profiles/ap/fe/vuelta-a-espana-2024-stage-1-sprint-8401ed8fb8.jpg,12.0
Vuelta,2024,18/08, 2,Cascais - Ourém (194 km),2678,86,22,images/profiles/ap/ad/vuelta-a-espana-2024-stage-2-sprint-03513e999c.jpg,194.0
Vuelta,2024,19/08, 3,Lousã - Castelo Branco (191.2 km),2620,58,6,images/profiles/ap/cf/vuelta-a-espana-2024-stage-3-sprint-e2429b427e.jpg,191.2
Vuelta,2024,20/08, 4,Plasencia - Pico Villuercas (170.5 km),3519,238,166,images/profiles/ap/cb/vuelta-a-espana-2024-stage-4-sprint-feae0742ce.jpg,170.5
Vuelta,2024,21/08, 5,Fuente del Maestre - Sevilla (177 km),1691,32,0,images/profiles/ap/ca/vuelta-a-espana-2024-stage-5-sprint-db89c1d21a.jpg,177.0
Vuelta,2024,22/08, 6,Jerez de la Frontera - Yunquera (185.5 km),3711,170,60,images/profiles/ap/df/vuelta-a-espana-2024-stage-6-sprint-d3ce6fd366.jpg,185.5
Vuelta,2024,23/08, 7,Archidona - Cordoba (180.5 km),1943,78,12,images/profiles/ap/ea/vuelta-a-espana-2024-stage-7-sprint-449e808372.jpg,180.5
Vuelta,2024,24/08, 8,Úbeda - Cazorla (159 km),2641,145,86,images/profiles/ap/cd/vuelta-a-espana-2024-stage-8-sprint-ad0f23751c.jpg,159.0
Vuelta,2024,25/08, 9,Motril - Granada (178.5 km),4486,305,21,images/profiles/ap/da/vuelta-a-espana-2024-stage-9-sprint-4f777d8e56.jpg,178.5
Vuelta,2024,27/08, 10,Ponteareas - Baiona (160 km),3074,178,28,images/profiles/ap/df/vuelta-a-espana-2024-stage-10-sprint-86679dc954.jpg,160.0
Vuelta,2024,28/08, 11,Campus Tecnológico Cortizo Padron - Campus Tecnológico Cortizo Padron (164.2 km),2890,148,56,images/profiles/ap/fd/vuelta-a-espana-2024-stage-11-sprint-39d39b8c54.jpg,164.2
Vuelta,2024,29/08, 12,Ourense Termal - Estacion de Montaña de Manzaneda (137.5 km),3088,174,98,images/profiles/ap/de/vuelta-a-espana-2024-stage-12-sprint-98b4cea9bf.jpg,137.5
Vuelta,2024,30/08, 13,Lugo - Puerto de Ancares (176 km),3708,299,227,images/profiles/ap/bf/vuelta-a-espana-2024-stage-13-profile-n2-80f8adfe5d.jpg,176.0
Vuelta,2024,31/08, 14,Villafranca del Bierzo - Villablino (200.5 km),2876,100,37,images/profiles/ap/ac/vuelta-a-espana-2024-stage-14-profile-n2-ef4c58dace.jpg,200.5
Vuelta,2024,01/09, 15,Infiesto - Valgrande-Pajares. Cuitu Negru (143 km),3804,372,280,images/profiles/ap/dd/vuelta-a-espana-2024-stage-15-profile-n2-34fd68ed0e.jpg,143.0
Vuelta,2024,03/09, 16,Luanco - Lagos de Covadonga (181.5 km),4085,347,224,images/profiles/ap/ef/vuelta-a-espana-2024-stage-16-profile-n2-1635e71101.jpg,181.5
Vuelta,2024,04/09, 17,Arnuero - Santander (141.5 km),2498,107,17,images/profiles/ap/eb/vuelta-a-espana-2024-stage-17-profile-n2-af6b540517.jpg,141.5
Vuelta,2024,05/09, 18,Vitoria-Gasteiz - Maestu-Parque Natural de Izki (179.5 km),2699,139,28,images/profiles/ap/fd/vuelta-a-espana-2024-stage-18-profile-n2-a5cadd4aad.jpg,179.5
Vuelta,2024,06/09, 19,Logroño - Alto de Moncalvillo (164.8 km),2601,217,195,images/profiles/ap/cb/vuelta-a-espana-2024-stage-19-profile-n2-dd73804ea2.jpg,164.8
Vuelta,2024,07/09, 20,Villarcayo - Picón Blanco (172 km),5077,340,154,images/profiles/ap/bc/vuelta-a-espana-2024-stage-20-profile-n2-d78ef2833a.jpg,172.0
Vuelta,2024,08/09, 21 (ITT),Madrid - Madrid (24.6 km),190,6,6,images/profiles/ap/ec/vuelta-a-espana-2024-stage-21-profile-n2-ba7455e92f.jpg,24.6
